2011.10.27,00:00,1.38943,1.38953,1.38943,1.38953
2011.10.27,00:01,1.38955,1.3898,1.38944,1.38944
2011.10.27,00:02,1.38943,1.39004,1.38941,1.39003
2011.10.27,00:03,1.39004,1.39006,1.38943,1.38943
2011.10.27,00:04,1.38946,1.38956,1.38944,1.38953
2011.10.27,00:05,1.38952,1.38958,1.38946,1.38947
2011.10.27,00:06,1.38945,1.38948,1.38941,1.38946
2011.10.27,00:07,1.38945,1.38949,1.38916,1.38925
2011.10.27,00:08,1.38926,1.38931,1.38923,1.38925
2011.10.27,00:09,1.38927,1.38931,1.38925,1.38928
2011.10.27,00:10,1.3893,1.38937,1.38923,1.38926
2011.10.27,00:11,1.38926,1.38943,1.38914,1.38915
2011.10.27,00:12,1.38914,1.38934,1.38911,1.38931
2011.10.27,00:13,1.38928,1.38935,1.3892,1.38923
2011.10.27,00:14,1.38927,1.38934,1.38914,1.38924
2011.10.27,00:15,1.38924,1.38926,1.38902,1.38909
2011.10.27,00:16,1.38908,1.38929,1.38892,1.38929
2011.10.27,00:17,1.38928,1.38968,1.38928,1.38962
2011.10.27,00:18,1.38964,1.38967,1.38935,1.38939
2011.10.27,00:19,1.38938,1.3895,1.38927,1.38947
2011.10.27,00:20,1.38948,1.38974,1.38943,1.38959
2011.10.27,00:21,1.3896,1.38965,1.38944,1.38949
2011.10.27,00:22,1.38947,1.3895,1.38944,1.3895
2011.10.27,00:23,1.38953,1.38985,1.38953,1.38974
2011.10.27,00:24,1.38973,1.38994,1.38971,1.38988
2011.10.27,00:25,1.38991,1.39009,1.3898,1.3899
2011.10.27,00:26,1.38992,1.39008,1.38984,1.38986
2011.10.27,00:27,1.38984,1.38991,1.38982,1.38983
2011.10.27,00:28,1.38984,1.38988,1.38982,1.38982
2011.10.27,00:29,1.38983,1.38988,1.38983,1.38987
2011.10.27,00:30,1.38987,1.38987,1.38974,1.38976
2011.10.27,00:31,1.38974,1.3898,1.38969,1.38974
2011.10.27,00:32,1.38973,1.38982,1.3896,1.38982
2011.10.27,00:33,1.38989,1.39023,1.38989,1.3902
2011.10.27,00:34,1.39019,1.39049,1.39015,1.39038
2011.10.27,00:35,1.39037,1.39037,1.39028,1.3903
2011.10.27,00:36,1.39029,1.3903,1.39021,1.39022
2011.10.27,00:37,1.39025,1.39033,1.39012,1.39012
2011.10.27,00:38,1.39011,1.39024,1.39002,1.39024
2011.10.27,00:39,1.39025,1.39029,1.39025,1.39026
2011.10.27,00:40,1.39023,1.39023,1.38991,1.38997
2011.10.27,00:41,1.38996,1.38996,1.38965,1.38969
2011.10.27,00:42,1.3897,1.38983,1.38967,1.38967
2011.10.27,00:43,1.38966,1.38985,1.38952,1.38985
2011.10.27,00:44,1.38986,1.38986,1.3897,1.38972
2011.10.27,00:45,1.38973,1.38976,1.38958,1.3896
2011.10.27,00:46,1.3896,1.3896,1.38922,1.3895
2011.10.27,00:47,1.38946,1.38968,1.38936,1.38952
2011.10.27,00:48,1.3895,1.38955,1.38935,1.38939
2011.10.27,00:49,1.38938,1.3894,1.38928,1.38931
2011.10.27,00:50,1.3893,1.38968,1.38926,1.3893
2011.10.27,00:51,1.38934,1.38934,1.38909,1.38912
2011.10.27,00:52,1.38912,1.38927,1.38912,1.3892
2011.10.27,00:53,1.38917,1.38917,1.38881,1.38881
2011.10.27,00:54,1.38881,1.38882,1.38853,1.38855
2011.10.27,00:55,1.38857,1.38865,1.38829,1.38829
2011.10.27,00:56,1.38829,1.38852,1.38768,1.38788
2011.10.27,00:57,1.38788,1.38796,1.3878,1.38781
2011.10.27,00:58,1.3878,1.38782,1.38707,1.38727
2011.10.27,00:59,1.38727,1.38754,1.38724,1.38754
2011.10.27,01:00,1.38754,1.38768,1.38705,1.38705
2011.10.27,01:01,1.38703,1.38705,1.38671,1.38678
2011.10.27,01:02,1.38681,1.3873,1.38681,1.38726
2011.10.27,01:03,1.38724,1.38737,1.38707,1.38707
2011.10.27,01:04,1.38706,1.38711,1.38691,1.38711
2011.10.27,01:05,1.38711,1.38725,1.3869,1.3869
2011.10.27,01:06,1.38691,1.38695,1.3867,1.38677
2011.10.27,01:07,1.38678,1.38696,1.38677,1.38684
2011.10.27,01:08,1.38686,1.38691,1.3866,1.38662
2011.10.27,01:09,1.38663,1.38688,1.38656,1.38679
2011.10.27,01:10,1.3868,1.38694,1.38672,1.38672
2011.10.27,01:11,1.38671,1.38672,1.38641,1.38658
2011.10.27,01:12,1.38657,1.38676,1.38655,1.38676
2011.10.27,01:13,1.38679,1.38713,1.38676,1.38709
2011.10.27,01:14,1.3871,1.38743,1.38698,1.38743
2011.10.27,01:15,1.38744,1.38759,1.38744,1.38754
2011.10.27,01:16,1.38752,1.38771,1.38749,1.38765
2011.10.27,01:17,1.38766,1.38778,1.38762,1.38762
2011.10.27,01:18,1.38761,1.38803,1.38758,1.38788
2011.10.27,01:19,1.38789,1.38803,1.38781,1.38788
2011.10.27,01:20,1.38789,1.3879,1.38787,1.38787
2011.10.27,01:21,1.38789,1.38796,1.38788,1.3879
2011.10.27,01:22,1.3879,1.38794,1.38781,1.38781
2011.10.27,01:23,1.3878,1.38791,1.38777,1.38789
2011.10.27,01:24,1.3879,1.38794,1.38789,1.38794
2011.10.27,01:25,1.38795,1.38796,1.38774,1.38777
2011.10.27,01:26,1.38777,1.38791,1.38773,1.38782
2011.10.27,01:27,1.38783,1.38784,1.38763,1.38767
2011.10.27,01:28,1.38768,1.3877,1.38759,1.3876
2011.10.27,01:29,1.3876,1.38763,1.38743,1.38748
2011.10.27,01:30,1.38746,1.3875,1.38738,1.38748
2011.10.27,01:31,1.38747,1.3875,1.38707,1.38711
2011.10.27,01:32,1.3871,1.3871,1.38686,1.38699
2011.10.27,01:33,1.38697,1.38716,1.38696,1.38712
2011.10.27,01:34,1.38712,1.38734,1.38711,1.38724
2011.10.27,01:35,1.38725,1.3873,1.38722,1.38729
2011.10.27,01:36,1.38728,1.38733,1.38726,1.38728
2011.10.27,01:37,1.38727,1.3873,1.38713,1.38718
2011.10.27,01:38,1.38719,1.38719,1.38693,1.38705
2011.10.27,01:39,1.38705,1.38719,1.38698,1.38719
2011.10.27,01:40,1.38719,1.38733,1.38717,1.38732
2011.10.27,01:41,1.38733,1.38751,1.38733,1.38749
2011.10.27,01:42,1.38748,1.38763,1.38736,1.38736
2011.10.27,01:43,1.38735,1.38768,1.38735,1.38751
2011.10.27,01:44,1.38754,1.38766,1.38752,1.38764
2011.10.27,01:45,1.38768,1.3878,1.38767,1.38778
2011.10.27,01:46,1.38777,1.38783,1.38775,1.38783
2011.10.27,01:47,1.38784,1.38821,1.38784,1.38821
2011.10.27,01:48,1.38823,1.38823,1.38799,1.388
2011.10.27,01:49,1.38802,1.38809,1.38802,1.38809
2011.10.27,01:50,1.38809,1.38821,1.38804,1.38821
2011.10.27,01:51,1.3882,1.38834,1.38819,1.38834
2011.10.27,01:52,1.38833,1.3885,1.3882,1.38849
2011.10.27,01:53,1.3885,1.38858,1.38842,1.38842
2011.10.27,01:54,1.38843,1.38845,1.38838,1.3884
2011.10.27,01:55,1.38842,1.38853,1.38842,1.38853
2011.10.27,01:56,1.38852,1.38856,1.38852,1.38853
2011.10.27,01:57,1.38854,1.3888,1.38854,1.38856
2011.10.27,01:58,1.38856,1.38861,1.38855,1.3886
2011.10.27,01:59,1.38859,1.38859,1.38847,1.38847
2011.10.27,02:00,1.38848,1.3889,1.38847,1.3889
2011.10.27,02:01,1.38889,1.3891,1.38889,1.38903
2011.10.27,02:02,1.38904,1.38926,1.38904,1.38921
2011.10.27,02:03,1.38922,1.38948,1.38918,1.38946
2011.10.27,02:04,1.38944,1.39034,1.38943,1.38992
2011.10.27,02:05,1.38991,1.38993,1.38969,1.38986
2011.10.27,02:06,1.38985,1.39007,1.38965,1.39007
2011.10.27,02:07,1.39005,1.39007,1.3899,1.39002
2011.10.27,02:08,1.39001,1.39024,1.38997,1.39002
2011.10.27,02:09,1.39003,1.39067,1.39003,1.39049
2011.10.27,02:10,1.39051,1.39128,1.39045,1.39119
2011.10.27,02:11,1.39117,1.39117,1.39061,1.39084
2011.10.27,02:12,1.39085,1.39086,1.39058,1.39064
2011.10.27,02:13,1.39065,1.39071,1.39061,1.39066
2011.10.27,02:14,1.39067,1.39069,1.39052,1.39052
2011.10.27,02:15,1.39052,1.39057,1.38966,1.38986
2011.10.27,02:16,1.38987,1.38991,1.38955,1.3896
2011.10.27,02:17,1.3896,1.3896,1.38874,1.38883
2011.10.27,02:18,1.38884,1.38936,1.38884,1.38896
2011.10.27,02:19,1.38898,1.38931,1.38891,1.38929
2011.10.27,02:20,1.38928,1.38928,1.38899,1.38904
2011.10.27,02:21,1.38905,1.3896,1.38902,1.3896
2011.10.27,02:22,1.38961,1.38969,1.3893,1.38945
2011.10.27,02:23,1.38946,1.38952,1.38916,1.38921
2011.10.27,02:24,1.38921,1.38925,1.38875,1.38909
2011.10.27,02:25,1.38908,1.38915,1.38897,1.38912
2011.10.27,02:26,1.38911,1.38939,1.3891,1.38935
2011.10.27,02:27,1.38934,1.38936,1.38897,1.38898
2011.10.27,02:28,1.38899,1.38899,1.38883,1.38884
2011.10.27,02:29,1.38883,1.38898,1.3888,1.38892
2011.10.27,02:30,1.38891,1.38896,1.3888,1.38887
2011.10.27,02:31,1.38887,1.38909,1.38885,1.38905
2011.10.27,02:32,1.38907,1.38937,1.38907,1.38926
2011.10.27,02:33,1.38925,1.38983,1.38925,1.38982
2011.10.27,02:34,1.3898,1.3898,1.38939,1.38956
2011.10.27,02:35,1.38955,1.38955,1.3894,1.38954
2011.10.27,02:36,1.38952,1.38955,1.38951,1.38954
2011.10.27,02:37,1.38953,1.38955,1.38952,1.38955
2011.10.27,02:38,1.38954,1.38954,1.38911,1.38911
2011.10.27,02:39,1.38912,1.38948,1.38907,1.38948
2011.10.27,02:40,1.3895,1.38959,1.38945,1.38959
2011.10.27,02:41,1.3896,1.38985,1.38957,1.38977
2011.10.27,02:42,1.38976,1.38982,1.38942,1.38942
2011.10.27,02:43,1.38941,1.38959,1.38937,1.38959
2011.10.27,02:44,1.38959,1.38961,1.38938,1.38961
2011.10.27,02:45,1.38962,1.39001,1.38954,1.38992
2011.10.27,02:46,1.38993,1.38993,1.38978,1.38978
2011.10.27,02:47,1.38976,1.38986,1.38963,1.38984
2011.10.27,02:48,1.38983,1.38983,1.38964,1.38978
2011.10.27,02:49,1.38976,1.39007,1.38969,1.38969
2011.10.27,02:50,1.38967,1.38998,1.38967,1.38998
2011.10.27,02:51,1.39001,1.39015,1.38986,1.38986
2011.10.27,02:52,1.38987,1.39039,1.38987,1.39039
2011.10.27,02:53,1.39042,1.39066,1.39027,1.39035
2011.10.27,02:54,1.39033,1.39059,1.3902,1.39039
2011.10.27,02:55,1.39037,1.39063,1.38991,1.39052
2011.10.27,02:56,1.39051,1.39064,1.39031,1.39064
2011.10.27,02:57,1.39063,1.39127,1.3906,1.39103
2011.10.27,02:58,1.39102,1.39138,1.39101,1.39136
2011.10.27,02:59,1.39135,1.39192,1.39135,1.39151
2011.10.27,03:00,1.3915,1.39155,1.39141,1.39151
2011.10.27,03:01,1.39151,1.39151,1.39111,1.39116
2011.10.27,03:02,1.39115,1.39118,1.39108,1.39112
2011.10.27,03:03,1.3911,1.3911,1.39095,1.39095
2011.10.27,03:04,1.39094,1.39112,1.39093,1.39112
2011.10.27,03:05,1.39111,1.39115,1.39108,1.39114
2011.10.27,03:06,1.39115,1.39121,1.39108,1.39111
2011.10.27,03:07,1.39112,1.39125,1.39111,1.39116
2011.10.27,03:08,1.39117,1.39133,1.39106,1.39128
2011.10.27,03:09,1.39126,1.39126,1.39108,1.39119
2011.10.27,03:10,1.39121,1.39124,1.39104,1.39105
2011.10.27,03:11,1.39104,1.39106,1.39088,1.39105
2011.10.27,03:12,1.39105,1.39105,1.39066,1.39086
2011.10.27,03:13,1.39087,1.39087,1.39073,1.39074
2011.10.27,03:14,1.39076,1.39081,1.39056,1.39063
2011.10.27,03:15,1.39062,1.39062,1.39044,1.39044
2011.10.27,03:16,1.3904,1.39043,1.39023,1.39026
2011.10.27,03:17,1.39026,1.39031,1.39009,1.39012
2011.10.27,03:18,1.39011,1.39012,1.38989,1.38995
2011.10.27,03:19,1.38996,1.39027,1.38995,1.39027
2011.10.27,03:20,1.39027,1.39029,1.38993,1.38993
2011.10.27,03:21,1.38994,1.39094,1.38987,1.39094
2011.10.27,03:22,1.39099,1.39539,1.39099,1.3938
2011.10.27,03:23,1.39379,1.39387,1.39305,1.39359
2011.10.27,03:24,1.39361,1.39368,1.392,1.39302
2011.10.27,03:25,1.39298,1.39298,1.39166,1.39257
2011.10.27,03:26,1.3926,1.39295,1.39232,1.39237
2011.10.27,03:27,1.39239,1.39261,1.39197,1.39261
2011.10.27,03:28,1.39263,1.39282,1.39204,1.39282
2011.10.27,03:29,1.39283,1.39333,1.39252,1.3933
2011.10.27,03:30,1.39329,1.39379,1.39304,1.39379
2011.10.27,03:31,1.3938,1.39491,1.3938,1.39491
2011.10.27,03:32,1.3949,1.3949,1.39438,1.39447
2011.10.27,03:33,1.39446,1.39447,1.39406,1.39429
2011.10.27,03:34,1.39428,1.3943,1.39341,1.39391
2011.10.27,03:35,1.39388,1.39432,1.39369,1.39432
2011.10.27,03:36,1.39432,1.39449,1.39425,1.39441
2011.10.27,03:37,1.39443,1.39468,1.39411,1.39433
2011.10.27,03:38,1.39431,1.39487,1.39424,1.39487
2011.10.27,03:39,1.3949,1.39565,1.39488,1.39565
2011.10.27,03:40,1.39566,1.39606,1.39556,1.39562
2011.10.27,03:41,1.39562,1.39562,1.39495,1.39523
2011.10.27,03:42,1.3953,1.39634,1.3953,1.39568
2011.10.27,03:43,1.3956,1.39585,1.39549,1.39576
2011.10.27,03:44,1.39574,1.39631,1.39557,1.39631
2011.10.27,03:45,1.3963,1.3967,1.39605,1.3962
2011.10.27,03:46,1.39619,1.39643,1.39615,1.39636
2011.10.27,03:47,1.39634,1.39643,1.39614,1.39628
2011.10.27,03:48,1.39627,1.39633,1.39603,1.39605
2011.10.27,03:49,1.39607,1.39649,1.39607,1.39613
2011.10.27,03:50,1.39615,1.39634,1.39609,1.39622
2011.10.27,03:51,1.39623,1.39818,1.39623,1.39771
2011.10.27,03:52,1.39769,1.39777,1.39734,1.39741
2011.10.27,03:53,1.39739,1.39744,1.39724,1.39724
2011.10.27,03:54,1.39723,1.39723,1.39679,1.39679
2011.10.27,03:55,1.39678,1.39693,1.39667,1.39687
2011.10.27,03:56,1.39689,1.39726,1.39689,1.39705
2011.10.27,03:57,1.39708,1.3983,1.39708,1.3983
2011.10.27,03:58,1.39845,1.39875,1.39807,1.39843
2011.10.27,03:59,1.39842,1.39842,1.39752,1.39752
2011.10.27,04:00,1.39751,1.39778,1.39709,1.39772
2011.10.27,04:01,1.39771,1.3978,1.39721,1.39722
2011.10.27,04:02,1.39721,1.3978,1.39716,1.3978
2011.10.27,04:03,1.39783,1.39845,1.39778,1.39836
2011.10.27,04:04,1.39843,1.3992,1.39843,1.39899
2011.10.27,04:05,1.399,1.39901,1.39867,1.39867
2011.10.27,04:06,1.39869,1.39898,1.39859,1.39897
2011.10.27,04:07,1.39899,1.39899,1.39819,1.39819
2011.10.27,04:08,1.39815,1.39877,1.39805,1.39865
2011.10.27,04:09,1.39864,1.39868,1.39842,1.39843
2011.10.27,04:10,1.39844,1.3986,1.39796,1.39798
2011.10.27,04:11,1.39798,1.39799,1.39745,1.39745
2011.10.27,04:12,1.39743,1.39844,1.39742,1.39844
2011.10.27,04:13,1.39842,1.39926,1.39837,1.3987
2011.10.27,04:14,1.39868,1.39885,1.39854,1.39859
2011.10.27,04:15,1.39854,1.39867,1.39846,1.39856
2011.10.27,04:16,1.39857,1.3988,1.39855,1.39873
2011.10.27,04:17,1.39873,1.39896,1.39872,1.39896
2011.10.27,04:18,1.39898,1.3992,1.39879,1.39879
2011.10.27,04:19,1.39879,1.39879,1.39835,1.39859
2011.10.27,04:20,1.39857,1.39876,1.39832,1.39849
2011.10.27,04:21,1.39848,1.39848,1.3977,1.39795
2011.10.27,04:22,1.39796,1.39832,1.39795,1.39832
2011.10.27,04:23,1.39833,1.39836,1.39791,1.39802
2011.10.27,04:24,1.39803,1.39804,1.39784,1.39785
2011.10.27,04:25,1.39784,1.39787,1.39735,1.39741
2011.10.27,04:26,1.39742,1.39746,1.39718,1.39734
2011.10.27,04:27,1.39733,1.39749,1.39729,1.39738
2011.10.27,04:28,1.39738,1.39781,1.39737,1.39775
2011.10.27,04:29,1.39776,1.39777,1.39752,1.39776
2011.10.27,04:30,1.39775,1.39778,1.39747,1.39748
2011.10.27,04:31,1.39749,1.39759,1.39734,1.39738
2011.10.27,04:32,1.39738,1.39739,1.3972,1.39736
2011.10.27,04:33,1.39739,1.39771,1.3973,1.39767
2011.10.27,04:34,1.39765,1.39796,1.39738,1.39756
2011.10.27,04:35,1.39755,1.39775,1.39739,1.39761
2011.10.27,04:36,1.39762,1.39794,1.39761,1.3978
2011.10.27,04:37,1.39781,1.39782,1.39733,1.39736
2011.10.27,04:38,1.39735,1.39737,1.39723,1.39728
2011.10.27,04:39,1.39729,1.39734,1.39713,1.39722
2011.10.27,04:40,1.39721,1.39747,1.39714,1.39734
2011.10.27,04:41,1.39733,1.39757,1.39733,1.39757
2011.10.27,04:42,1.39759,1.39765,1.39712,1.39727
2011.10.27,04:43,1.39726,1.39762,1.39726,1.39762
2011.10.27,04:44,1.39764,1.39764,1.3974,1.39755
2011.10.27,04:45,1.39756,1.39756,1.39721,1.39749
2011.10.27,04:46,1.39751,1.39758,1.39725,1.39742
2011.10.27,04:47,1.39744,1.3977,1.3973,1.39766
2011.10.27,04:48,1.39767,1.39769,1.39748,1.39751
2011.10.27,04:49,1.39752,1.39754,1.39728,1.39728
2011.10.27,04:50,1.39727,1.39732,1.39714,1.3973
2011.10.27,04:51,1.39731,1.39746,1.39705,1.39705
2011.10.27,04:52,1.39699,1.39699,1.39629,1.39629
2011.10.27,04:53,1.39627,1.39648,1.39611,1.39648
2011.10.27,04:54,1.3965,1.39654,1.39619,1.3963
2011.10.27,04:55,1.39632,1.39632,1.39551,1.39574
2011.10.27,04:56,1.39576,1.39594,1.39542,1.39542
2011.10.27,04:57,1.39541,1.39611,1.39526,1.39603
2011.10.27,04:58,1.39602,1.39612,1.39588,1.39588
2011.10.27,04:59,1.39589,1.39589,1.39556,1.39557
2011.10.27,05:00,1.39558,1.39574,1.39557,1.39569
2011.10.27,05:01,1.3957,1.3957,1.39565,1.39565
2011.10.27,05:02,1.39567,1.3959,1.3956,1.3959
2011.10.27,05:03,1.39591,1.39623,1.39591,1.39617
2011.10.27,05:04,1.39618,1.39629,1.39618,1.39625
2011.10.27,05:05,1.39627,1.39627,1.39618,1.39619
2011.10.27,05:06,1.3962,1.39623,1.39607,1.3961
2011.10.27,05:07,1.39612,1.39614,1.39598,1.39607
2011.10.27,05:08,1.39608,1.39624,1.39604,1.39604
2011.10.27,05:09,1.39603,1.39623,1.39587,1.39605
2011.10.27,05:10,1.39605,1.39628,1.39587,1.39603
2011.10.27,05:11,1.39602,1.39606,1.39586,1.39586
2011.10.27,05:12,1.39585,1.3962,1.39577,1.39619
2011.10.27,05:13,1.39618,1.39629,1.39612,1.39617
2011.10.27,05:14,1.39615,1.39619,1.39597,1.39611
2011.10.27,05:15,1.39612,1.39612,1.39603,1.39607
2011.10.27,05:16,1.39606,1.39615,1.39582,1.39583
2011.10.27,05:17,1.39581,1.39581,1.39446,1.39481
2011.10.27,05:18,1.3948,1.3948,1.39449,1.39449
2011.10.27,05:19,1.3945,1.39462,1.39438,1.39438
2011.10.27,05:20,1.39439,1.39464,1.39433,1.39464
2011.10.27,05:21,1.39465,1.395,1.39458,1.3947
2011.10.27,05:22,1.39471,1.39521,1.39471,1.3952
2011.10.27,05:23,1.39521,1.3953,1.39506,1.39514
2011.10.27,05:24,1.39512,1.3953,1.39504,1.39515
2011.10.27,05:25,1.39516,1.3953,1.39508,1.39526
2011.10.27,05:26,1.39524,1.39564,1.39524,1.39562
2011.10.27,05:27,1.39564,1.39568,1.39537,1.39545
2011.10.27,05:28,1.39544,1.39545,1.39522,1.39545
2011.10.27,05:29,1.39546,1.3958,1.39535,1.3958
2011.10.27,05:30,1.39579,1.39601,1.3957,1.39601
2011.10.27,05:31,1.39602,1.39607,1.39592,1.39602
2011.10.27,05:32,1.39604,1.3961,1.39568,1.39577
2011.10.27,05:35,1.39604,1.39604,1.39604,1.39604
2011.10.27,05:36,1.39604,1.39608,1.39602,1.39604
2011.10.27,05:37,1.39602,1.39603,1.39591,1.39593
2011.10.27,05:38,1.39584,1.39585,1.39569,1.3957
2011.10.27,05:39,1.39567,1.39567,1.39549,1.39554
2011.10.27,05:40,1.39557,1.39559,1.39547,1.39555
2011.10.27,05:41,1.39557,1.39589,1.39555,1.39589
2011.10.27,05:42,1.39591,1.39593,1.3954,1.39542
2011.10.27,05:43,1.39541,1.39576,1.3954,1.39572
2011.10.27,05:44,1.39571,1.3958,1.39545,1.39569
2011.10.27,05:45,1.39569,1.39581,1.39569,1.39581
2011.10.27,05:46,1.3958,1.39582,1.39548,1.39568
2011.10.27,05:47,1.39568,1.39581,1.39557,1.3958
2011.10.27,05:48,1.39579,1.3959,1.39574,1.3959
2011.10.27,05:49,1.39588,1.39598,1.39565,1.39572
2011.10.27,05:50,1.39573,1.39573,1.39555,1.39562
2011.10.27,05:51,1.39564,1.3958,1.39551,1.3957
2011.10.27,05:52,1.39571,1.3958,1.39564,1.3958
2011.10.27,05:53,1.39579,1.39608,1.39578,1.39579
2011.10.27,05:54,1.3958,1.39608,1.39579,1.39608
2011.10.27,05:55,1.39607,1.39664,1.39606,1.39664
2011.10.27,05:56,1.39663,1.39694,1.39663,1.39692
2011.10.27,05:57,1.3969,1.39712,1.39669,1.39676
2011.10.27,05:58,1.39675,1.39696,1.39664,1.39696
2011.10.27,05:59,1.39695,1.39696,1.39676,1.39692
2011.10.27,06:00,1.3969,1.39712,1.39686,1.39708
2011.10.27,06:01,1.39708,1.3971,1.39687,1.39688
2011.10.27,06:02,1.39689,1.39707,1.39686,1.39703
2011.10.27,06:03,1.39704,1.39704,1.39688,1.39689
2011.10.27,06:04,1.39691,1.39691,1.39663,1.39663
2011.10.27,06:05,1.39664,1.39698,1.39645,1.39698
2011.10.27,06:06,1.397,1.39731,1.397,1.39723
2011.10.27,06:07,1.39725,1.39741,1.39696,1.39733
2011.10.27,06:08,1.39734,1.39753,1.39722,1.39733
2011.10.27,06:09,1.39732,1.39736,1.3971,1.3971
2011.10.27,06:10,1.39708,1.39716,1.39697,1.39716
2011.10.27,06:11,1.39714,1.39714,1.39692,1.39706
2011.10.27,06:12,1.39709,1.39709,1.39688,1.39699
2011.10.27,06:13,1.39696,1.39706,1.39672,1.39672
2011.10.27,06:14,1.3967,1.39682,1.39658,1.39662
2011.10.27,06:15,1.39657,1.39683,1.39655,1.39664
2011.10.27,06:16,1.39663,1.3968,1.39663,1.3968
2011.10.27,06:17,1.39681,1.39707,1.3968,1.39694
2011.10.27,06:18,1.39696,1.397,1.39693,1.39695
2011.10.27,06:19,1.39698,1.39701,1.39692,1.39695
2011.10.27,06:20,1.39693,1.39696,1.3969,1.39692
2011.10.27,06:21,1.39693,1.39721,1.39691,1.39696
2011.10.27,06:22,1.39698,1.39712,1.39695,1.39703
2011.10.27,06:23,1.39703,1.39726,1.39703,1.39724
2011.10.27,06:24,1.39726,1.39727,1.39707,1.39723
2011.10.27,06:25,1.39721,1.39735,1.39717,1.39735
2011.10.27,06:26,1.39734,1.39749,1.39725,1.39748
2011.10.27,06:27,1.39751,1.39758,1.39729,1.39735
2011.10.27,06:28,1.39734,1.3975,1.39727,1.39731
2011.10.27,06:29,1.39731,1.39734,1.3972,1.39727
2011.10.27,06:30,1.39729,1.3973,1.39669,1.39675
2011.10.27,06:31,1.39673,1.39681,1.39642,1.39649
2011.10.27,06:32,1.39647,1.39671,1.39621,1.39648
2011.10.27,06:33,1.39649,1.39681,1.39643,1.39681
2011.10.27,06:34,1.3968,1.39704,1.3966,1.39704
2011.10.27,06:35,1.39705,1.39709,1.39681,1.39697
2011.10.27,06:36,1.39699,1.39701,1.3968,1.39688
2011.10.27,06:37,1.39687,1.397,1.39684,1.39695
2011.10.27,06:38,1.39694,1.39722,1.39694,1.39716
2011.10.27,06:39,1.39716,1.39732,1.397,1.39712
2011.10.27,06:40,1.39716,1.39751,1.39716,1.39751
2011.10.27,06:41,1.39753,1.39755,1.39733,1.39734
2011.10.27,06:42,1.39736,1.39753,1.39733,1.39749
2011.10.27,06:43,1.3975,1.39766,1.39748,1.39763
2011.10.27,06:44,1.39764,1.39766,1.39748,1.39755
2011.10.27,06:45,1.39758,1.39814,1.39758,1.39808
2011.10.27,06:46,1.39807,1.39879,1.39807,1.39863
2011.10.27,06:47,1.39862,1.39907,1.39859,1.39907
2011.10.27,06:48,1.39907,1.39939,1.39883,1.39886
2011.10.27,06:49,1.39887,1.39887,1.39846,1.3987
2011.10.27,06:50,1.39868,1.39877,1.39859,1.3986
2011.10.27,06:51,1.39857,1.39873,1.39851,1.39872
2011.10.27,06:52,1.39873,1.39879,1.39866,1.39873
2011.10.27,06:53,1.3986,1.39877,1.3985,1.3985
2011.10.27,06:54,1.39841,1.39846,1.39821,1.39829
2011.10.27,06:55,1.39828,1.39832,1.39797,1.39797
2011.10.27,06:56,1.39796,1.39798,1.39748,1.39754
2011.10.27,06:57,1.39756,1.39764,1.39746,1.39757
2011.10.27,06:58,1.39758,1.39762,1.3975,1.39757
2011.10.27,06:59,1.39759,1.3979,1.39757,1.39772
2011.10.27,07:00,1.39773,1.39794,1.39773,1.39782
2011.10.27,07:01,1.39784,1.39842,1.39784,1.39837
2011.10.27,07:02,1.39836,1.39862,1.39835,1.39845
2011.10.27,07:03,1.39844,1.39929,1.39816,1.39896
2011.10.27,07:04,1.39894,1.39935,1.39889,1.39931
2011.10.27,07:05,1.39929,1.39929,1.39895,1.39897
2011.10.27,07:06,1.39899,1.39946,1.39894,1.39904
2011.10.27,07:07,1.39903,1.39905,1.39851,1.39862
2011.10.27,07:08,1.39864,1.39874,1.39859,1.3986
2011.10.27,07:09,1.39863,1.3991,1.39863,1.39893
2011.10.27,07:10,1.39894,1.39906,1.39894,1.39904
2011.10.27,07:11,1.39918,1.39946,1.39907,1.39927
2011.10.27,07:12,1.39926,1.39929,1.39912,1.39912
2011.10.27,07:13,1.3991,1.39912,1.3988,1.39889
2011.10.27,07:14,1.3989,1.39933,1.39889,1.39933
2011.10.27,07:15,1.39934,1.39944,1.39903,1.39917
2011.10.27,07:16,1.39919,1.39932,1.39895,1.39932
2011.10.27,07:17,1.39938,1.39951,1.39922,1.39937
2011.10.27,07:18,1.3994,1.39952,1.39923,1.39926
2011.10.27,07:19,1.39924,1.39941,1.39914,1.39938
2011.10.27,07:20,1.39936,1.39941,1.39922,1.3994
2011.10.27,07:21,1.39939,1.39968,1.39925,1.39968
2011.10.27,07:22,1.39966,1.39968,1.39941,1.39942
2011.10.27,07:23,1.3994,1.39952,1.39934,1.39938
2011.10.27,07:24,1.3994,1.39942,1.3992,1.39941
2011.10.27,07:25,1.39941,1.39966,1.39939,1.39958
2011.10.27,07:26,1.39958,1.39972,1.39956,1.39968
2011.10.27,07:27,1.3997,1.3999,1.39964,1.39964
2011.10.27,07:28,1.39965,1.39972,1.39923,1.39931
2011.10.27,07:29,1.39931,1.39931,1.39883,1.39913
2011.10.27,07:30,1.39912,1.3992,1.39859,1.39861
2011.10.27,07:31,1.39859,1.39885,1.39834,1.39862
2011.10.27,07:32,1.39863,1.39868,1.39852,1.39864
2011.10.27,07:33,1.39866,1.39869,1.39833,1.39839
2011.10.27,07:34,1.3984,1.39842,1.39814,1.39817
2011.10.27,07:35,1.39815,1.39841,1.39806,1.39841
2011.10.27,07:36,1.39841,1.39875,1.39841,1.39875
2011.10.27,07:37,1.39877,1.3988,1.39868,1.39878
2011.10.27,07:38,1.39877,1.39917,1.39877,1.39915
2011.10.27,07:39,1.39916,1.39917,1.39882,1.39882
2011.10.27,07:40,1.39879,1.39887,1.39865,1.39874
2011.10.27,07:41,1.39874,1.39916,1.39873,1.39915
2011.10.27,07:42,1.39917,1.39956,1.39917,1.39949
2011.10.27,07:43,1.39952,1.39974,1.3995,1.3995
2011.10.27,07:44,1.39949,1.39956,1.3994,1.39955
2011.10.27,07:45,1.39954,1.39956,1.39933,1.39933
2011.10.27,07:46,1.3993,1.3993,1.39915,1.39919
2011.10.27,07:47,1.39921,1.39937,1.39914,1.39933
2011.10.27,07:48,1.39931,1.39935,1.39925,1.39926
2011.10.27,07:49,1.39926,1.3993,1.39922,1.39922
2011.10.27,07:50,1.39921,1.39925,1.39915,1.39922
2011.10.27,07:51,1.39925,1.39925,1.39892,1.39893
2011.10.27,07:52,1.39894,1.39897,1.39873,1.39888
2011.10.27,07:53,1.39887,1.39905,1.3987,1.39896
2011.10.27,07:54,1.39895,1.39916,1.39895,1.39916
2011.10.27,07:55,1.39915,1.39925,1.39896,1.3992
2011.10.27,07:56,1.3992,1.3992,1.39882,1.39893
2011.10.27,07:57,1.39892,1.39916,1.39887,1.39902
2011.10.27,07:58,1.399,1.39929,1.39898,1.39923
2011.10.27,07:59,1.39922,1.3993,1.39914,1.3992
2011.10.27,08:00,1.39919,1.39926,1.39904,1.39916
2011.10.27,08:01,1.39915,1.39978,1.39915,1.39978
2011.10.27,08:02,1.3998,1.4002,1.39975,1.4002
2011.10.27,08:03,1.40032,1.40054,1.39981,1.39986
2011.10.27,08:04,1.39988,1.40066,1.3998,1.40064
2011.10.27,08:05,1.40065,1.40082,1.39989,1.39999
2011.10.27,08:06,1.39998,1.40038,1.39998,1.40038
2011.10.27,08:07,1.4004,1.40051,1.40027,1.40051
2011.10.27,08:08,1.40052,1.40082,1.40039,1.40057
2011.10.27,08:09,1.40056,1.40058,1.39992,1.39992
2011.10.27,08:10,1.39993,1.40069,1.39993,1.40045
2011.10.27,08:11,1.40044,1.40126,1.40041,1.40121
2011.10.27,08:12,1.40118,1.40118,1.40094,1.40115
2011.10.27,08:13,1.40115,1.40136,1.40083,1.40135
2011.10.27,08:14,1.40136,1.40136,1.40081,1.40081
2011.10.27,08:15,1.40079,1.4009,1.40038,1.4004
2011.10.27,08:16,1.40042,1.4005,1.40008,1.40021
2011.10.27,08:17,1.4002,1.40051,1.40016,1.40044
2011.10.27,08:18,1.40043,1.40064,1.40031,1.40044
2011.10.27,08:19,1.40044,1.40078,1.40044,1.40077
2011.10.27,08:20,1.40076,1.40121,1.40069,1.40106
2011.10.27,08:21,1.40105,1.40123,1.4009,1.40103
2011.10.27,08:22,1.40104,1.40104,1.40058,1.40064
2011.10.27,08:23,1.40063,1.40073,1.40037,1.40061
2011.10.27,08:24,1.40061,1.4009,1.40056,1.40076
2011.10.27,08:25,1.40075,1.40084,1.40025,1.40027
2011.10.27,08:26,1.40026,1.40057,1.4002,1.40028
2011.10.27,08:27,1.40029,1.40032,1.39962,1.39967
2011.10.27,08:28,1.39968,1.39987,1.39917,1.39922
2011.10.27,08:29,1.39924,1.39925,1.3987,1.3991
2011.10.27,08:30,1.39911,1.39928,1.39893,1.39908
2011.10.27,08:31,1.39908,1.39991,1.39908,1.39971
2011.10.27,08:32,1.39968,1.40004,1.3996,1.39974
2011.10.27,08:33,1.39975,1.39975,1.39915,1.39922
2011.10.27,08:34,1.39922,1.39937,1.39903,1.39937
2011.10.27,08:35,1.39942,1.39945,1.39895,1.39896
2011.10.27,08:36,1.39896,1.39896,1.39831,1.39863
2011.10.27,08:37,1.39864,1.39882,1.39834,1.39844
2011.10.27,08:38,1.39843,1.39866,1.39822,1.39822
2011.10.27,08:39,1.39821,1.39854,1.39819,1.39854
2011.10.27,08:40,1.39852,1.3986,1.39826,1.3983
2011.10.27,08:41,1.39831,1.39843,1.39814,1.39825
2011.10.27,08:42,1.39823,1.39846,1.39807,1.39825
2011.10.27,08:43,1.39825,1.39867,1.39822,1.39867
2011.10.27,08:44,1.39868,1.39902,1.39868,1.39893
2011.10.27,08:45,1.39892,1.39892,1.39863,1.39888
2011.10.27,08:46,1.39888,1.3992,1.39886,1.39914
2011.10.27,08:47,1.39917,1.39919,1.39893,1.39897
2011.10.27,08:48,1.39898,1.39936,1.39898,1.399
2011.10.27,08:49,1.39904,1.39942,1.39899,1.39941
2011.10.27,08:50,1.39941,1.39943,1.39922,1.39935
2011.10.27,08:51,1.39933,1.3997,1.3993,1.3997
2011.10.27,08:52,1.39973,1.40067,1.39973,1.4006
2011.10.27,08:53,1.40062,1.40105,1.40052,1.40105
2011.10.27,08:54,1.40106,1.40106,1.40067,1.4007
2011.10.27,08:55,1.40069,1.4008,1.40051,1.40064
2011.10.27,08:56,1.40064,1.40069,1.40041,1.40068
2011.10.27,08:57,1.40069,1.40116,1.40062,1.4011
2011.10.27,08:58,1.40112,1.40112,1.40079,1.40081
2011.10.27,08:59,1.4008,1.40119,1.40076,1.40105
2011.10.27,09:00,1.40106,1.40214,1.40106,1.40214
2011.10.27,09:01,1.40212,1.40279,1.402,1.40271
2011.10.27,09:02,1.4027,1.40284,1.40227,1.40241
2011.10.27,09:03,1.40242,1.40261,1.40219,1.4022
2011.10.27,09:04,1.40219,1.4026,1.40213,1.4026
2011.10.27,09:05,1.40258,1.40303,1.40244,1.40283
2011.10.27,09:06,1.40284,1.40286,1.40245,1.40276
2011.10.27,09:07,1.40273,1.40345,1.40268,1.40345
2011.10.27,09:08,1.40347,1.40375,1.40328,1.40334
2011.10.27,09:09,1.40333,1.40333,1.40285,1.40285
2011.10.27,09:10,1.40284,1.40291,1.40224,1.4024
2011.10.27,09:11,1.40239,1.40269,1.40231,1.40268
2011.10.27,09:12,1.40265,1.40265,1.40205,1.40231
2011.10.27,09:13,1.40236,1.40236,1.40189,1.40205
2011.10.27,09:14,1.40206,1.40216,1.40177,1.40202
2011.10.27,09:15,1.40202,1.40246,1.40182,1.4024
2011.10.27,09:16,1.40236,1.40236,1.40196,1.40205
2011.10.27,09:17,1.40203,1.40211,1.40178,1.40178
2011.10.27,09:18,1.40177,1.40206,1.40153,1.40204
2011.10.27,09:19,1.40205,1.40208,1.40171,1.40181
2011.10.27,09:20,1.40182,1.40195,1.40163,1.40187
2011.10.27,09:21,1.40191,1.40197,1.40132,1.40132
2011.10.27,09:22,1.40134,1.40154,1.40133,1.40137
2011.10.27,09:23,1.40136,1.40136,1.40019,1.4003
2011.10.27,09:24,1.40031,1.40037,1.40012,1.4002
2011.10.27,09:25,1.40023,1.40035,1.3996,1.39973
2011.10.27,09:26,1.39973,1.4002,1.39969,1.3999
2011.10.27,09:27,1.3999,1.40007,1.39967,1.39967
2011.10.27,09:28,1.39965,1.39982,1.39925,1.39971
2011.10.27,09:29,1.39972,1.4004,1.39956,1.40039
2011.10.27,09:30,1.40037,1.40053,1.40012,1.40036
2011.10.27,09:31,1.40035,1.40087,1.40029,1.40059
2011.10.27,09:32,1.4006,1.40068,1.40026,1.40041
2011.10.27,09:33,1.40043,1.40075,1.40041,1.40043
2011.10.27,09:34,1.40043,1.40057,1.4003,1.40051
2011.10.27,09:35,1.40049,1.40105,1.40049,1.40091
2011.10.27,09:36,1.40093,1.40118,1.40081,1.40116
2011.10.27,09:37,1.40117,1.4012,1.40098,1.40108
2011.10.27,09:38,1.40107,1.40125,1.4009,1.40091
2011.10.27,09:39,1.40093,1.40093,1.40063,1.40086
2011.10.27,09:40,1.40087,1.40104,1.40075,1.40102
2011.10.27,09:41,1.40101,1.40125,1.40087,1.4011
2011.10.27,09:42,1.40109,1.4011,1.40073,1.40088
2011.10.27,09:43,1.40089,1.401,1.40075,1.40081
2011.10.27,09:44,1.40079,1.40083,1.40034,1.40041
2011.10.27,09:45,1.4004,1.40089,1.40032,1.40089
2011.10.27,09:46,1.40089,1.40093,1.40054,1.4008
2011.10.27,09:47,1.40079,1.40094,1.40072,1.40083
2011.10.27,09:48,1.40084,1.40208,1.40084,1.40198
2011.10.27,09:49,1.402,1.40223,1.4019,1.40192
2011.10.27,09:50,1.40194,1.40218,1.40164,1.40197
2011.10.27,09:51,1.40197,1.40198,1.40142,1.40144
2011.10.27,09:52,1.40145,1.40156,1.40083,1.40087
2011.10.27,09:53,1.40086,1.40122,1.40084,1.40115
2011.10.27,09:54,1.40113,1.40127,1.40089,1.40118
2011.10.27,09:55,1.40124,1.40142,1.40111,1.40125
2011.10.27,09:56,1.40127,1.40132,1.401,1.40111
2011.10.27,09:57,1.4011,1.40129,1.40104,1.40104
2011.10.27,09:58,1.40105,1.40105,1.40053,1.40068
2011.10.27,09:59,1.40069,1.40113,1.40037,1.40083
2011.10.27,10:00,1.40083,1.40144,1.40064,1.40126
2011.10.27,10:01,1.40125,1.40149,1.40102,1.40131
2011.10.27,10:02,1.40132,1.40163,1.40127,1.40145
2011.10.27,10:03,1.40144,1.40161,1.40121,1.40125
2011.10.27,10:04,1.40128,1.40166,1.40125,1.40165
2011.10.27,10:05,1.40168,1.40275,1.40168,1.40272
2011.10.27,10:06,1.40272,1.40276,1.40246,1.40254
2011.10.27,10:07,1.40255,1.40276,1.40239,1.40254
2011.10.27,10:08,1.40251,1.40253,1.40226,1.40248
2011.10.27,10:09,1.40246,1.40256,1.40219,1.40229
2011.10.27,10:10,1.40227,1.40241,1.4021,1.40233
2011.10.27,10:11,1.40233,1.40237,1.40175,1.40183
2011.10.27,10:12,1.40183,1.40212,1.40175,1.40191
2011.10.27,10:13,1.40189,1.40193,1.40165,1.40189
2011.10.27,10:14,1.4019,1.4019,1.40166,1.40172
2011.10.27,10:15,1.40171,1.40203,1.40171,1.40184
2011.10.27,10:16,1.40187,1.40204,1.40187,1.402
2011.10.27,10:17,1.40201,1.40208,1.40178,1.40204
2011.10.27,10:18,1.40207,1.40216,1.40178,1.40178
2011.10.27,10:19,1.40177,1.40178,1.40103,1.40132
2011.10.27,10:20,1.4013,1.40136,1.40096,1.40107
2011.10.27,10:21,1.40108,1.40108,1.40078,1.40103
2011.10.27,10:22,1.40103,1.40108,1.40082,1.40087
2011.10.27,10:23,1.40086,1.40095,1.40065,1.40093
2011.10.27,10:24,1.40095,1.40152,1.40095,1.40152
2011.10.27,10:25,1.40151,1.40161,1.40132,1.40137
2011.10.27,10:26,1.40136,1.40136,1.40096,1.40126
2011.10.27,10:27,1.40125,1.40125,1.40087,1.40109
2011.10.27,10:28,1.40109,1.40126,1.40101,1.40104
2011.10.27,10:29,1.40107,1.40131,1.40102,1.40102
2011.10.27,10:30,1.401,1.40108,1.40085,1.40106
2011.10.27,10:31,1.40105,1.40129,1.40093,1.40102
2011.10.27,10:32,1.40104,1.40108,1.40049,1.4006
2011.10.27,10:33,1.40059,1.40066,1.40019,1.40019
2011.10.27,10:34,1.4002,1.4003,1.39995,1.4003
2011.10.27,10:35,1.40028,1.4005,1.40011,1.40016
2011.10.27,10:36,1.40015,1.40015,1.39973,1.39986
2011.10.27,10:37,1.39984,1.39993,1.39963,1.39966
2011.10.27,10:38,1.39967,1.39994,1.39965,1.39974
2011.10.27,10:39,1.39973,1.39978,1.39916,1.39924
2011.10.27,10:40,1.39928,1.39964,1.39927,1.39954
2011.10.27,10:41,1.39953,1.39966,1.39931,1.39965
2011.10.27,10:42,1.39966,1.39991,1.39948,1.39949
2011.10.27,10:43,1.3995,1.39975,1.39941,1.39973
2011.10.27,10:44,1.39973,1.39975,1.39914,1.39926
2011.10.27,10:45,1.39921,1.39923,1.39865,1.399
2011.10.27,10:46,1.39902,1.39917,1.39889,1.39899
2011.10.27,10:47,1.399,1.39921,1.39897,1.39898
2011.10.27,10:48,1.399,1.39919,1.39881,1.39911
2011.10.27,10:49,1.39908,1.39946,1.39896,1.39946
2011.10.27,10:50,1.39948,1.3995,1.39931,1.39936
2011.10.27,10:51,1.39937,1.39941,1.39928,1.39941
2011.10.27,10:52,1.39939,1.39972,1.39936,1.39968
2011.10.27,10:53,1.3997,1.40017,1.39967,1.40001
2011.10.27,10:54,1.4,1.4,1.39967,1.39973
2011.10.27,10:55,1.39975,1.39975,1.39899,1.39899
2011.10.27,10:56,1.399,1.39925,1.39898,1.39925
2011.10.27,10:57,1.39926,1.3993,1.39889,1.3989
2011.10.27,10:58,1.39892,1.3991,1.39878,1.39884
2011.10.27,10:59,1.39884,1.39934,1.39883,1.3993
2011.10.27,11:00,1.39932,1.39932,1.39869,1.39876
2011.10.27,11:01,1.39876,1.39897,1.39854,1.3986
2011.10.27,11:02,1.39858,1.39913,1.39848,1.3991
2011.10.27,11:03,1.39909,1.39928,1.39878,1.39894
2011.10.27,11:04,1.39895,1.39895,1.39852,1.39877
2011.10.27,11:05,1.39876,1.39914,1.39876,1.39898
2011.10.27,11:06,1.39898,1.39898,1.39866,1.39889
2011.10.27,11:07,1.39888,1.39933,1.39888,1.39909
2011.10.27,11:08,1.3991,1.39953,1.39909,1.39951
2011.10.27,11:09,1.39956,1.39965,1.39936,1.3995
2011.10.27,11:10,1.3995,1.39977,1.39939,1.39949
2011.10.27,11:11,1.39948,1.3996,1.39931,1.39957
2011.10.27,11:12,1.39956,1.39957,1.3994,1.39946
2011.10.27,11:13,1.39954,1.3997,1.39948,1.3996
2011.10.27,11:14,1.39957,1.39959,1.3991,1.3991
2011.10.27,11:15,1.39909,1.39909,1.39863,1.39868
2011.10.27,11:16,1.39869,1.39888,1.39866,1.39867
2011.10.27,11:17,1.39866,1.3989,1.39864,1.39875
2011.10.27,11:18,1.39871,1.39923,1.39866,1.39918
2011.10.27,11:19,1.39918,1.39949,1.39917,1.39949
2011.10.27,11:20,1.39949,1.39957,1.39934,1.39944
2011.10.27,11:21,1.39943,1.3995,1.39939,1.39948
2011.10.27,11:22,1.39947,1.39947,1.39906,1.39922
2011.10.27,11:23,1.39921,1.39938,1.39917,1.39935
2011.10.27,11:24,1.39935,1.40002,1.39934,1.39998
2011.10.27,11:25,1.39999,1.40028,1.39998,1.40023
2011.10.27,11:26,1.40022,1.40065,1.40009,1.40062
2011.10.27,11:27,1.4006,1.40091,1.40054,1.40068
2011.10.27,11:28,1.40069,1.40095,1.40048,1.40048
2011.10.27,11:29,1.40047,1.4008,1.40044,1.40069
2011.10.27,11:30,1.4007,1.40074,1.4005,1.40059
2011.10.27,11:31,1.4006,1.40068,1.40044,1.40048
2011.10.27,11:32,1.40048,1.40051,1.40013,1.40015
2011.10.27,11:33,1.40016,1.40024,1.40005,1.4001
2011.10.27,11:34,1.40011,1.40015,1.39983,1.39991
2011.10.27,11:35,1.39993,1.39998,1.39941,1.39965
2011.10.27,11:36,1.39963,1.39985,1.39955,1.39969
2011.10.27,11:37,1.3997,1.39972,1.39947,1.39947
2011.10.27,11:38,1.39949,1.39981,1.39929,1.39981
2011.10.27,11:39,1.39982,1.39983,1.39957,1.39969
2011.10.27,11:40,1.3997,1.40022,1.3997,1.40021
2011.10.27,11:41,1.4002,1.40039,1.4,1.4003
2011.10.27,11:42,1.40028,1.40059,1.40022,1.40059
2011.10.27,11:43,1.40061,1.40097,1.40051,1.40093
2011.10.27,11:44,1.40096,1.40134,1.40086,1.40095
2011.10.27,11:45,1.40096,1.40121,1.40078,1.40112
2011.10.27,11:46,1.40109,1.40118,1.4009,1.40094
2011.10.27,11:47,1.40093,1.40101,1.40043,1.40053
2011.10.27,11:48,1.4005,1.40065,1.40038,1.40041
2011.10.27,11:49,1.4004,1.4005,1.40008,1.40008
2011.10.27,11:50,1.40007,1.40089,1.40005,1.4008
2011.10.27,11:51,1.40077,1.40099,1.40069,1.40098
2011.10.27,11:52,1.40098,1.40111,1.4008,1.40083
2011.10.27,11:53,1.40084,1.4009,1.40054,1.40064
2011.10.27,11:54,1.40066,1.4008,1.40051,1.4008
2011.10.27,11:55,1.40081,1.40081,1.4005,1.40068
2011.10.27,11:56,1.40072,1.40116,1.40072,1.40113
2011.10.27,11:57,1.40113,1.40161,1.40113,1.40139
2011.10.27,11:58,1.40138,1.40179,1.4013,1.40174
2011.10.27,11:59,1.4017,1.40209,1.40168,1.4019
2011.10.27,12:00,1.4019,1.40224,1.40175,1.4021
2011.10.27,12:01,1.40209,1.40219,1.40197,1.40199
2011.10.27,12:02,1.402,1.40203,1.40165,1.40168
2011.10.27,12:03,1.40166,1.40166,1.40128,1.40136
2011.10.27,12:04,1.40135,1.40152,1.40134,1.40148
2011.10.27,12:05,1.4015,1.40168,1.40135,1.40138
2011.10.27,12:06,1.40137,1.40139,1.40094,1.40094
2011.10.27,12:07,1.40097,1.40122,1.40097,1.40102
2011.10.27,12:08,1.40101,1.40102,1.40082,1.40091
2011.10.27,12:09,1.40092,1.40103,1.40068,1.40068
2011.10.27,12:10,1.4007,1.4007,1.40047,1.40053
2011.10.27,12:11,1.40055,1.40079,1.40044,1.40076
2011.10.27,12:12,1.40079,1.40168,1.40079,1.40168
2011.10.27,12:13,1.4017,1.40175,1.40137,1.40143
2011.10.27,12:14,1.40147,1.40151,1.40133,1.40139
2011.10.27,12:15,1.40138,1.40152,1.40131,1.40143
2011.10.27,12:16,1.40147,1.40169,1.40139,1.40168
2011.10.27,12:17,1.40168,1.40176,1.40148,1.40155
2011.10.27,12:18,1.40154,1.40154,1.4013,1.4014
2011.10.27,12:19,1.40141,1.40197,1.40141,1.40172
2011.10.27,12:20,1.40171,1.40199,1.4015,1.40175
2011.10.27,12:21,1.40177,1.40198,1.40165,1.40179
2011.10.27,12:22,1.4018,1.40186,1.40149,1.40153
2011.10.27,12:23,1.40157,1.40162,1.40118,1.40125
2011.10.27,12:24,1.40125,1.4014,1.40122,1.40138
2011.10.27,12:25,1.40137,1.40164,1.40133,1.40151
2011.10.27,12:26,1.40152,1.40158,1.40135,1.40143
2011.10.27,12:27,1.40144,1.40175,1.4014,1.40165
2011.10.27,12:28,1.40166,1.40186,1.40156,1.40186
2011.10.27,12:29,1.40187,1.40189,1.40161,1.40174
2011.10.27,12:30,1.40175,1.40192,1.40165,1.40192
2011.10.27,12:31,1.40194,1.40215,1.40176,1.4019
2011.10.27,12:32,1.40191,1.402,1.40173,1.40178
2011.10.27,12:33,1.40177,1.40196,1.4017,1.40182
2011.10.27,12:34,1.40184,1.40184,1.40152,1.4016
2011.10.27,12:35,1.40159,1.40167,1.40148,1.40157
2011.10.27,12:36,1.40157,1.40171,1.40139,1.40169
2011.10.27,12:37,1.40169,1.40169,1.40106,1.40117
2011.10.27,12:38,1.40114,1.40145,1.40104,1.4014
2011.10.27,12:39,1.40137,1.40172,1.40122,1.40161
2011.10.27,12:40,1.40159,1.40167,1.40151,1.40159
2011.10.27,12:41,1.40164,1.40185,1.4015,1.40176
2011.10.27,12:42,1.40175,1.40186,1.4017,1.40174
2011.10.27,12:43,1.40174,1.40188,1.40155,1.40171
2011.10.27,12:44,1.40177,1.40196,1.4017,1.40185
2011.10.27,12:45,1.40186,1.40199,1.40184,1.40196
2011.10.27,12:46,1.40195,1.40222,1.40185,1.40221
2011.10.27,12:47,1.40222,1.40245,1.40222,1.40243
2011.10.27,12:48,1.40244,1.40299,1.40241,1.40287
2011.10.27,12:49,1.40288,1.40296,1.40278,1.40288
2011.10.27,12:50,1.40288,1.40291,1.40261,1.40264
2011.10.27,12:51,1.40265,1.40287,1.40259,1.40259
2011.10.27,12:52,1.4026,1.40279,1.40255,1.4027
2011.10.27,12:53,1.40269,1.40269,1.40246,1.40257
2011.10.27,12:54,1.40259,1.40284,1.40259,1.40278
2011.10.27,12:55,1.40278,1.403,1.40278,1.40299
2011.10.27,12:56,1.40303,1.4034,1.40287,1.4034
2011.10.27,12:57,1.40339,1.40339,1.40283,1.40298
2011.10.27,12:58,1.403,1.4034,1.403,1.40339
2011.10.27,12:59,1.4034,1.40341,1.40313,1.40313
2011.10.27,13:00,1.40314,1.40353,1.40307,1.40342
2011.10.27,13:01,1.40341,1.40367,1.40333,1.40363
2011.10.27,13:02,1.40361,1.40361,1.40314,1.40315
2011.10.27,13:03,1.40317,1.40325,1.40281,1.40282
2011.10.27,13:04,1.40283,1.40286,1.40266,1.40266
2011.10.27,13:05,1.40265,1.40272,1.40239,1.40243
2011.10.27,13:06,1.40242,1.40254,1.40222,1.4023
2011.10.27,13:07,1.40231,1.40248,1.40227,1.40246
2011.10.27,13:08,1.40245,1.40249,1.40224,1.40237
2011.10.27,13:09,1.40234,1.40239,1.40213,1.40223
2011.10.27,13:10,1.40222,1.40228,1.40201,1.40202
2011.10.27,13:11,1.40201,1.40203,1.40179,1.40182
2011.10.27,13:12,1.40183,1.40203,1.40183,1.40194
2011.10.27,13:13,1.40195,1.40213,1.40191,1.40207
2011.10.27,13:14,1.40209,1.40241,1.40207,1.40241
2011.10.27,13:15,1.40241,1.40262,1.40228,1.40262
2011.10.27,13:16,1.40262,1.40293,1.40251,1.40277
2011.10.27,13:17,1.40276,1.40299,1.40265,1.40266
2011.10.27,13:18,1.40267,1.40305,1.40265,1.40305
2011.10.27,13:19,1.40306,1.40315,1.40275,1.40289
2011.10.27,13:20,1.40288,1.40298,1.40263,1.40281
2011.10.27,13:21,1.40281,1.40281,1.40212,1.40215
2011.10.27,13:22,1.40216,1.4022,1.40196,1.40217
2011.10.27,13:23,1.40218,1.40245,1.40217,1.40244
2011.10.27,13:24,1.40243,1.40243,1.40216,1.40236
2011.10.27,13:25,1.40236,1.40239,1.40208,1.40208
2011.10.27,13:26,1.40207,1.40209,1.40178,1.40179
2011.10.27,13:27,1.40179,1.40184,1.40167,1.40181
2011.10.27,13:28,1.4018,1.40223,1.4018,1.40223
2011.10.27,13:29,1.40223,1.40244,1.40185,1.40202
2011.10.27,13:30,1.40204,1.40249,1.40195,1.40248
2011.10.27,13:31,1.40247,1.40263,1.40232,1.40241
2011.10.27,13:32,1.40241,1.40244,1.40217,1.40227
2011.10.27,13:33,1.40228,1.40256,1.40228,1.40246
2011.10.27,13:34,1.40245,1.40245,1.40218,1.40231
2011.10.27,13:35,1.40234,1.40249,1.40229,1.4024
2011.10.27,13:36,1.4024,1.40283,1.40239,1.40279
2011.10.27,13:37,1.40279,1.40285,1.40262,1.40262
2011.10.27,13:38,1.40259,1.40285,1.40259,1.40285
2011.10.27,13:39,1.40285,1.40286,1.40243,1.40255
2011.10.27,13:40,1.40254,1.40271,1.40215,1.40221
2011.10.27,13:41,1.40223,1.40237,1.40204,1.40213
2011.10.27,13:42,1.40211,1.40221,1.40199,1.40215
2011.10.27,13:43,1.40217,1.40217,1.40201,1.40215
2011.10.27,13:44,1.40218,1.40229,1.40203,1.40213
2011.10.27,13:45,1.40205,1.40221,1.40204,1.40208
2011.10.27,13:46,1.40208,1.40216,1.40194,1.40201
2011.10.27,13:47,1.40202,1.40206,1.40191,1.40196
2011.10.27,13:48,1.40197,1.4022,1.40196,1.40205
2011.10.27,13:49,1.40208,1.40214,1.40202,1.40211
2011.10.27,13:50,1.40211,1.40212,1.40193,1.40193
2011.10.27,13:51,1.40192,1.4022,1.40192,1.4022
2011.10.27,13:52,1.40221,1.40225,1.40209,1.40221
2011.10.27,13:53,1.40221,1.40221,1.40191,1.40196
2011.10.27,13:54,1.40198,1.40245,1.40195,1.40243
2011.10.27,13:55,1.40245,1.40272,1.4024,1.4027
2011.10.27,13:56,1.40268,1.40315,1.40267,1.40309
2011.10.27,13:57,1.40305,1.40328,1.40305,1.40313
2011.10.27,13:58,1.40315,1.40315,1.40265,1.40265
2011.10.27,13:59,1.40265,1.40308,1.40259,1.40296
2011.10.27,14:00,1.40297,1.4035,1.40292,1.40346
2011.10.27,14:01,1.40345,1.40414,1.40345,1.40414
2011.10.27,14:02,1.40417,1.40459,1.40383,1.40442
2011.10.27,14:03,1.40444,1.40461,1.40434,1.40437
2011.10.27,14:04,1.40438,1.40452,1.40423,1.4044
2011.10.27,14:05,1.40439,1.40439,1.40403,1.40411
2011.10.27,14:06,1.40412,1.4042,1.40394,1.40414
2011.10.27,14:07,1.40413,1.40432,1.404,1.40426
2011.10.27,14:08,1.40424,1.40436,1.40391,1.40394
2011.10.27,14:09,1.40396,1.40397,1.40359,1.40369
2011.10.27,14:10,1.40368,1.40385,1.40366,1.40385
2011.10.27,14:11,1.40387,1.40414,1.4038,1.40382
2011.10.27,14:12,1.40384,1.40394,1.40364,1.40392
2011.10.27,14:13,1.40394,1.40398,1.40364,1.40382
2011.10.27,14:14,1.40383,1.40391,1.40372,1.40374
2011.10.27,14:15,1.40373,1.40394,1.40364,1.40394
2011.10.27,14:16,1.40397,1.40415,1.40397,1.40405
2011.10.27,14:17,1.40406,1.40412,1.40396,1.40411
2011.10.27,14:18,1.40411,1.40447,1.40407,1.40437
2011.10.27,14:19,1.40438,1.40447,1.40417,1.40418
2011.10.27,14:20,1.40419,1.40444,1.40406,1.40427
2011.10.27,14:21,1.40426,1.40444,1.40415,1.40444
2011.10.27,14:22,1.40443,1.40443,1.40406,1.40437
2011.10.27,14:23,1.40433,1.40533,1.40422,1.40514
2011.10.27,14:24,1.40513,1.40516,1.40469,1.40478
2011.10.27,14:25,1.40478,1.4049,1.40465,1.40471
2011.10.27,14:26,1.40473,1.40477,1.4046,1.40461
2011.10.27,14:27,1.40462,1.40462,1.40433,1.40437
2011.10.27,14:28,1.40438,1.40446,1.40433,1.40443
2011.10.27,14:29,1.40443,1.40447,1.4041,1.40431
2011.10.27,14:30,1.40429,1.40602,1.40408,1.40602
2011.10.27,14:31,1.40605,1.40631,1.40571,1.40575
2011.10.27,14:32,1.40574,1.40581,1.40525,1.40536
2011.10.27,14:33,1.40536,1.40579,1.40532,1.40579
2011.10.27,14:34,1.40581,1.40605,1.40557,1.40559
2011.10.27,14:35,1.4056,1.40574,1.40537,1.40574
2011.10.27,14:36,1.40581,1.40621,1.40546,1.40552
2011.10.27,14:37,1.40555,1.40555,1.405,1.40511
2011.10.27,14:38,1.4051,1.40564,1.40496,1.40546
2011.10.27,14:39,1.40543,1.40561,1.40516,1.40538
2011.10.27,14:40,1.40538,1.40594,1.40532,1.40583
2011.10.27,14:41,1.40582,1.40653,1.40581,1.40622
2011.10.27,14:42,1.40621,1.40661,1.40619,1.40655
2011.10.27,14:43,1.40657,1.4067,1.40613,1.40649
2011.10.27,14:44,1.40649,1.40679,1.40619,1.40659
2011.10.27,14:45,1.40657,1.40686,1.40649,1.40675
2011.10.27,14:46,1.40673,1.40688,1.40665,1.40682
2011.10.27,14:47,1.40683,1.40683,1.40635,1.40651
2011.10.27,14:48,1.40647,1.40669,1.40634,1.40664
2011.10.27,14:49,1.40668,1.40675,1.40639,1.40666
2011.10.27,14:50,1.40665,1.40672,1.40641,1.40653
2011.10.27,14:51,1.40654,1.40661,1.4064,1.40651
2011.10.27,14:52,1.4065,1.40678,1.40649,1.40667
2011.10.27,14:53,1.40668,1.40668,1.40634,1.40645
2011.10.27,14:54,1.40647,1.40661,1.40626,1.40636
2011.10.27,14:55,1.40638,1.40643,1.40617,1.40632
2011.10.27,14:56,1.40629,1.40656,1.40617,1.40647
2011.10.27,14:57,1.40646,1.40652,1.4063,1.40637
2011.10.27,14:58,1.40636,1.40674,1.40635,1.40658
2011.10.27,14:59,1.40658,1.40691,1.40658,1.40672
2011.10.27,15:00,1.40671,1.40735,1.40665,1.40726
2011.10.27,15:01,1.40726,1.40726,1.40684,1.40685
2011.10.27,15:02,1.40684,1.40725,1.40682,1.40709
2011.10.27,15:03,1.40709,1.40759,1.40686,1.40759
2011.10.27,15:04,1.40766,1.40807,1.40763,1.40804
2011.10.27,15:06,1.40871,1.40891,1.40859,1.40859
2011.10.27,15:07,1.4086,1.40924,1.40854,1.40924
2011.10.27,15:08,1.40925,1.40988,1.40915,1.40961
2011.10.27,15:09,1.40962,1.40962,1.40893,1.40924
2011.10.27,15:10,1.40926,1.41119,1.40921,1.41095
2011.10.27,15:11,1.41088,1.41282,1.41072,1.41272
2011.10.27,15:12,1.41269,1.41269,1.41167,1.41171
2011.10.27,15:13,1.41174,1.41183,1.41125,1.41139
2011.10.27,15:14,1.41139,1.41221,1.41139,1.41205
2011.10.27,15:15,1.41202,1.41272,1.41191,1.41272
2011.10.27,15:16,1.41273,1.41355,1.41273,1.41355
2011.10.27,15:18,1.41399,1.41399,1.41395,1.41396
2011.10.27,15:19,1.41412,1.41412,1.41357,1.41358
2011.10.27,15:20,1.41356,1.4136,1.41329,1.41337
2011.10.27,15:21,1.41353,1.41361,1.41318,1.41324
2011.10.27,15:22,1.41318,1.41341,1.41312,1.41316
2011.10.27,15:23,1.41316,1.41319,1.41285,1.41285
2011.10.27,15:24,1.41286,1.41312,1.41267,1.41288
2011.10.27,15:25,1.41289,1.41289,1.41255,1.41263
2011.10.27,15:26,1.41264,1.41343,1.41263,1.41343
2011.10.27,15:27,1.41345,1.41363,1.41315,1.41315
2011.10.27,15:28,1.4132,1.41418,1.41301,1.41418
2011.10.27,15:29,1.41417,1.41422,1.41352,1.41361
2011.10.27,15:30,1.41358,1.41454,1.41356,1.41429
2011.10.27,15:31,1.41425,1.41426,1.41348,1.41348
2011.10.27,15:32,1.41342,1.41342,1.41274,1.41274
2011.10.27,15:33,1.41274,1.41318,1.4127,1.4131
2011.10.27,15:34,1.41313,1.41371,1.41307,1.41371
2011.10.27,15:35,1.41372,1.41445,1.41372,1.41416
2011.10.27,15:36,1.41419,1.41423,1.41331,1.4134
2011.10.27,15:37,1.41339,1.41359,1.41313,1.4134
2011.10.27,15:38,1.41342,1.41349,1.41312,1.41316
2011.10.27,15:39,1.41319,1.41338,1.41287,1.4132
2011.10.27,15:40,1.41319,1.41356,1.41318,1.41353
2011.10.27,15:41,1.41354,1.41401,1.4134,1.41347
2011.10.27,15:42,1.41345,1.41345,1.41286,1.41315
2011.10.27,15:43,1.41317,1.41337,1.41287,1.41306
2011.10.27,15:44,1.41304,1.41346,1.41299,1.41326
2011.10.27,15:45,1.41327,1.41333,1.41252,1.41258
2011.10.27,15:46,1.41255,1.41281,1.41234,1.41239
2011.10.27,15:47,1.4124,1.41249,1.4122,1.4124
2011.10.27,15:48,1.41242,1.4128,1.41241,1.41252
2011.10.27,15:49,1.4125,1.41282,1.41223,1.41234
2011.10.27,15:50,1.41235,1.41266,1.41218,1.41219
2011.10.27,15:51,1.41218,1.41219,1.41159,1.41205
2011.10.27,15:52,1.41206,1.41207,1.41147,1.41183
2011.10.27,15:53,1.41185,1.41216,1.41181,1.41214
2011.10.27,15:54,1.41215,1.41294,1.41211,1.41292
2011.10.27,15:55,1.41293,1.41306,1.41285,1.41304
2011.10.27,15:56,1.41303,1.41386,1.41303,1.41376
2011.10.27,15:57,1.41376,1.41377,1.41315,1.41315
2011.10.27,15:58,1.41314,1.41325,1.41302,1.41303
2011.10.27,15:59,1.413,1.41308,1.41267,1.4127
2011.10.27,16:00,1.41272,1.41276,1.41233,1.41256
2011.10.27,16:01,1.41255,1.41255,1.41192,1.41205
2011.10.27,16:02,1.41205,1.4122,1.41196,1.41201
2011.10.27,16:03,1.41201,1.41217,1.41163,1.41165
2011.10.27,16:04,1.41168,1.4122,1.41166,1.41176
2011.10.27,16:05,1.41175,1.41207,1.41175,1.41183
2011.10.27,16:06,1.41183,1.41184,1.41135,1.41135
2011.10.27,16:07,1.41137,1.41152,1.41105,1.41105
2011.10.27,16:08,1.41105,1.4113,1.41093,1.41128
2011.10.27,16:09,1.41129,1.41145,1.4112,1.41121
2011.10.27,16:10,1.4112,1.41183,1.41114,1.41183
2011.10.27,16:11,1.41182,1.41194,1.41174,1.41177
2011.10.27,16:12,1.41179,1.41253,1.41165,1.41253
2011.10.27,16:13,1.41256,1.41304,1.4124,1.41282
2011.10.27,16:14,1.41283,1.41284,1.41203,1.41203
2011.10.27,16:15,1.412,1.41265,1.41195,1.41264
2011.10.27,16:16,1.41264,1.4129,1.41264,1.41281
2011.10.27,16:17,1.4128,1.41284,1.41256,1.41259
2011.10.27,16:18,1.4126,1.4132,1.41247,1.41318
2011.10.27,16:19,1.4132,1.41322,1.41257,1.41263
2011.10.27,16:20,1.41262,1.41285,1.41258,1.41258
2011.10.27,16:21,1.41259,1.41302,1.41258,1.41261
2011.10.27,16:22,1.41259,1.41259,1.41206,1.41234
2011.10.27,16:23,1.41235,1.41235,1.41203,1.41203
2011.10.27,16:24,1.41202,1.41269,1.41199,1.41262
2011.10.27,16:25,1.41264,1.4129,1.41117,1.41118
2011.10.27,16:26,1.41119,1.41168,1.41119,1.41166
2011.10.27,16:27,1.41166,1.4123,1.41166,1.41214
2011.10.27,16:28,1.41213,1.41213,1.41143,1.41147
2011.10.27,16:29,1.41142,1.41145,1.41091,1.41109
2011.10.27,16:30,1.41106,1.41177,1.41103,1.4117
2011.10.27,16:31,1.41171,1.41214,1.41162,1.41165
2011.10.27,16:32,1.41166,1.41196,1.4116,1.41193
2011.10.27,16:33,1.41194,1.41201,1.41144,1.41168
2011.10.27,16:34,1.41171,1.41207,1.4117,1.41205
2011.10.27,16:35,1.41201,1.41215,1.41187,1.41195
2011.10.27,16:36,1.41196,1.41196,1.41157,1.41167
2011.10.27,16:37,1.41166,1.41211,1.41163,1.41211
2011.10.27,16:38,1.41212,1.41228,1.41203,1.41211
2011.10.27,16:39,1.4121,1.4121,1.41154,1.41162
2011.10.27,16:40,1.41162,1.412,1.41152,1.41199
2011.10.27,16:41,1.41201,1.41238,1.41189,1.41238
2011.10.27,16:42,1.41237,1.41304,1.41234,1.41304
2011.10.27,16:43,1.41306,1.4134,1.41282,1.4133
2011.10.27,16:44,1.41332,1.41348,1.4131,1.4134
2011.10.27,16:45,1.4134,1.41344,1.41268,1.41268
2011.10.27,16:46,1.41269,1.4132,1.41267,1.41304
2011.10.27,16:47,1.41304,1.41313,1.41295,1.41312
2011.10.27,16:48,1.41312,1.41335,1.41307,1.41321
2011.10.27,16:49,1.4132,1.41327,1.41278,1.41278
2011.10.27,16:50,1.41279,1.41293,1.41272,1.41286
2011.10.27,16:51,1.41281,1.41281,1.41251,1.41274
2011.10.27,16:52,1.41274,1.41316,1.41274,1.41316
2011.10.27,16:53,1.41316,1.41364,1.41316,1.41355
2011.10.27,16:54,1.41357,1.4141,1.4135,1.414
2011.10.27,16:55,1.41401,1.41476,1.41393,1.41436
2011.10.27,16:56,1.41436,1.41438,1.41405,1.41438
2011.10.27,16:57,1.41441,1.41475,1.41436,1.41475
2011.10.27,16:58,1.41484,1.41492,1.4143,1.4143
2011.10.27,16:59,1.41431,1.4148,1.41416,1.41426
2011.10.27,17:00,1.41428,1.41432,1.41353,1.41368
2011.10.27,17:01,1.41369,1.41385,1.41348,1.41377
2011.10.27,17:02,1.41377,1.41398,1.4136,1.41398
2011.10.27,17:03,1.41401,1.41432,1.4139,1.4139
2011.10.27,17:04,1.41389,1.4139,1.41355,1.41389
2011.10.27,17:05,1.41389,1.41417,1.41387,1.41415
2011.10.27,17:06,1.41416,1.41533,1.41413,1.41533
2011.10.27,17:07,1.4154,1.4157,1.41524,1.41524
2011.10.27,17:08,1.41524,1.41672,1.41524,1.41672
2011.10.27,17:09,1.41673,1.41704,1.41672,1.4168
2011.10.27,17:10,1.41679,1.41691,1.41667,1.4167
2011.10.27,17:11,1.4167,1.41699,1.41655,1.41678
2011.10.27,17:12,1.41672,1.4169,1.41664,1.41671
2011.10.27,17:13,1.41669,1.41688,1.41653,1.41688
2011.10.27,17:14,1.4169,1.4174,1.4169,1.41705
2011.10.27,17:15,1.41704,1.41773,1.41694,1.41773
2011.10.27,17:16,1.41772,1.41798,1.41762,1.41774
2011.10.27,17:17,1.41777,1.41782,1.41745,1.41749
2011.10.27,17:18,1.41748,1.41776,1.41732,1.4174
2011.10.27,17:19,1.41738,1.41738,1.41683,1.41689
2011.10.27,17:20,1.4169,1.41693,1.41668,1.41682
2011.10.27,17:21,1.4168,1.41724,1.41666,1.41666
2011.10.27,17:22,1.41666,1.41693,1.41654,1.41692
2011.10.27,17:23,1.41691,1.41701,1.41677,1.41682
2011.10.27,17:24,1.41679,1.41707,1.41678,1.41694
2011.10.27,17:25,1.41694,1.41698,1.41669,1.41688
2011.10.27,17:26,1.41689,1.41704,1.41616,1.41617
2011.10.27,17:27,1.41619,1.41631,1.41603,1.41612
2011.10.27,17:28,1.41612,1.41631,1.41603,1.41622
2011.10.27,17:29,1.41625,1.41626,1.41607,1.41625
2011.10.27,17:30,1.41625,1.41667,1.41625,1.41648
2011.10.27,17:31,1.41648,1.41649,1.41617,1.41646
2011.10.27,17:32,1.41647,1.4169,1.41647,1.41665
2011.10.27,17:33,1.41667,1.41691,1.41648,1.41648
2011.10.27,17:34,1.41647,1.417,1.41647,1.417
2011.10.27,17:35,1.417,1.41749,1.41698,1.41747
2011.10.27,17:36,1.41749,1.41755,1.41737,1.41741
2011.10.27,17:37,1.41743,1.41753,1.41733,1.41751
2011.10.27,17:38,1.41753,1.41778,1.41746,1.41777
2011.10.27,17:39,1.41777,1.4183,1.41775,1.41809
2011.10.27,17:40,1.41808,1.41817,1.41786,1.41798
2011.10.27,17:41,1.41797,1.41797,1.41759,1.41765
2011.10.27,17:42,1.41766,1.41767,1.41734,1.41738
2011.10.27,17:43,1.41737,1.41738,1.41717,1.41724
2011.10.27,17:44,1.41728,1.41729,1.41687,1.41687
2011.10.27,17:45,1.41686,1.41708,1.41685,1.41703
2011.10.27,17:46,1.41701,1.41706,1.41677,1.41703
2011.10.27,17:47,1.41702,1.41707,1.41694,1.41696
2011.10.27,17:48,1.41696,1.4171,1.41694,1.41697
2011.10.27,17:49,1.41696,1.41723,1.41692,1.41723
2011.10.27,17:50,1.41729,1.41807,1.41727,1.41793
2011.10.27,17:51,1.41796,1.41808,1.41773,1.41773
2011.10.27,17:52,1.41771,1.41771,1.41724,1.41725
2011.10.27,17:53,1.41727,1.41728,1.41706,1.41708
2011.10.27,17:54,1.41707,1.41719,1.41699,1.41718
2011.10.27,17:55,1.41717,1.41725,1.41701,1.41716
2011.10.27,17:56,1.41716,1.41746,1.41714,1.41746
2011.10.27,17:57,1.41747,1.41748,1.41707,1.41707
2011.10.27,17:58,1.41706,1.41715,1.41689,1.41715
2011.10.27,17:59,1.41716,1.41725,1.41707,1.41718
2011.10.27,18:00,1.41717,1.41744,1.41707,1.41743
2011.10.27,18:01,1.41744,1.41808,1.41739,1.41788
2011.10.27,18:02,1.41783,1.41791,1.41767,1.41776
2011.10.27,18:03,1.41776,1.41811,1.41768,1.41811
2011.10.27,18:04,1.4181,1.41837,1.41803,1.41804
2011.10.27,18:05,1.41804,1.41903,1.41801,1.41894
2011.10.27,18:06,1.41893,1.41918,1.41881,1.41914
2011.10.27,18:07,1.41914,1.41966,1.4191,1.41928
2011.10.27,18:08,1.41927,1.41927,1.41922,1.41922
2011.10.27,18:11,1.41937,1.41944,1.41923,1.41926
2011.10.27,18:12,1.41927,1.41928,1.41902,1.41914
2011.10.27,18:13,1.41911,1.41931,1.41907,1.41917
2011.10.27,18:14,1.41919,1.41925,1.41897,1.41925
2011.10.27,18:15,1.41915,1.41965,1.41915,1.41946
2011.10.27,18:16,1.41947,1.41956,1.41938,1.41949
2011.10.27,18:17,1.41949,1.41956,1.41941,1.41955
2011.10.27,18:18,1.41957,1.41969,1.41945,1.41959
2011.10.27,18:19,1.41964,1.42025,1.41964,1.42023
2011.10.27,18:20,1.42024,1.42066,1.42006,1.42011
2011.10.27,18:21,1.4201,1.42171,1.4201,1.42121
2011.10.27,18:22,1.42123,1.42157,1.42121,1.42131
2011.10.27,18:23,1.42132,1.42135,1.42099,1.42117
2011.10.27,18:24,1.42118,1.42119,1.42088,1.42099
2011.10.27,18:25,1.42098,1.42099,1.42074,1.42074
2011.10.27,18:26,1.4208,1.42098,1.42067,1.42074
2011.10.27,18:27,1.42074,1.42077,1.42041,1.42069
2011.10.27,18:28,1.42071,1.42077,1.42048,1.42059
2011.10.27,18:29,1.42058,1.42093,1.42018,1.42031
2011.10.27,18:30,1.42032,1.42032,1.41999,1.42001
2011.10.27,18:31,1.42,1.42009,1.41966,1.42006
2011.10.27,18:32,1.42005,1.4201,1.41986,1.41998
2011.10.27,18:33,1.41994,1.41997,1.4196,1.41965
2011.10.27,18:34,1.41964,1.42003,1.41961,1.42002
2011.10.27,18:35,1.41995,1.42007,1.4199,1.42002
2011.10.27,18:36,1.42003,1.42003,1.41972,1.41982
2011.10.27,18:37,1.41983,1.42011,1.41969,1.41997
2011.10.27,18:38,1.41995,1.42012,1.41988,1.41992
2011.10.27,18:39,1.4199,1.42018,1.41986,1.42004
2011.10.27,18:40,1.42004,1.42022,1.42001,1.4201
2011.10.27,18:41,1.42015,1.42029,1.41996,1.42
2011.10.27,18:42,1.42,1.42015,1.41985,1.42015
2011.10.27,18:43,1.42018,1.42022,1.41993,1.42019
2011.10.27,18:44,1.42019,1.42029,1.42008,1.42022
2011.10.27,18:45,1.42021,1.42024,1.41991,1.41996
2011.10.27,18:46,1.41992,1.42015,1.41988,1.41992
2011.10.27,18:47,1.41993,1.42002,1.41982,1.42002
2011.10.27,18:48,1.42002,1.42009,1.41988,1.41988
2011.10.27,18:49,1.41988,1.42002,1.41988,1.41992
2011.10.27,18:50,1.41992,1.42006,1.41982,1.42005
2011.10.27,18:51,1.42004,1.42008,1.41986,1.41988
2011.10.27,18:52,1.41987,1.41987,1.41966,1.41968
2011.10.27,18:53,1.4197,1.41973,1.41955,1.41955
2011.10.27,18:54,1.41956,1.41968,1.4194,1.41947
2011.10.27,18:55,1.41946,1.4196,1.41938,1.41957
2011.10.27,18:56,1.41959,1.4196,1.41918,1.41924
2011.10.27,18:57,1.41925,1.41925,1.41905,1.41906
2011.10.27,18:58,1.41906,1.41911,1.4189,1.41891
2011.10.27,18:59,1.4189,1.41893,1.41859,1.4186
2011.10.27,19:00,1.41861,1.41902,1.41837,1.41888
2011.10.27,19:01,1.41889,1.4193,1.41888,1.41928
2011.10.27,19:02,1.41926,1.41928,1.41905,1.41907
2011.10.27,19:03,1.4191,1.41939,1.41886,1.41887
2011.10.27,19:04,1.41886,1.41898,1.4187,1.4189
2011.10.27,19:05,1.41892,1.41896,1.41854,1.41873
2011.10.27,19:06,1.41872,1.41897,1.41837,1.41853
2011.10.27,19:07,1.41856,1.41856,1.41826,1.41834
2011.10.27,19:08,1.41836,1.41847,1.41814,1.41823
2011.10.27,19:09,1.41821,1.41839,1.41821,1.41825
2011.10.27,19:10,1.41824,1.41848,1.41823,1.41847
2011.10.27,19:11,1.41847,1.41882,1.41846,1.41882
2011.10.27,19:12,1.41885,1.41962,1.41885,1.41959
2011.10.27,19:13,1.41958,1.41976,1.41952,1.41964
2011.10.27,19:14,1.41963,1.41995,1.41963,1.41995
2011.10.27,19:15,1.41996,1.42025,1.41929,1.41931
2011.10.27,19:16,1.41929,1.41966,1.41924,1.41957
2011.10.27,19:17,1.41955,1.4197,1.4194,1.41967
2011.10.27,19:18,1.41966,1.42001,1.41958,1.41986
2011.10.27,19:19,1.41985,1.41999,1.41978,1.41987
2011.10.27,19:20,1.4198,1.41981,1.41939,1.41951
2011.10.27,19:21,1.41952,1.41959,1.4194,1.41954
2011.10.27,19:22,1.41956,1.41975,1.41952,1.41957
2011.10.27,19:23,1.41959,1.41964,1.41947,1.41956
2011.10.27,19:24,1.41954,1.41972,1.41931,1.41931
2011.10.27,19:25,1.41931,1.41961,1.41931,1.41956
2011.10.27,19:26,1.41955,1.41996,1.41955,1.41988
2011.10.27,19:27,1.41989,1.4199,1.41967,1.41973
2011.10.27,19:28,1.41975,1.42,1.4197,1.41978
2011.10.27,19:29,1.41977,1.42012,1.41975,1.42002
2011.10.27,19:30,1.42003,1.42003,1.41977,1.41986
2011.10.27,19:31,1.41985,1.4203,1.41981,1.42024
2011.10.27,19:32,1.42025,1.42031,1.4201,1.42031
2011.10.27,19:33,1.4203,1.42032,1.42002,1.42002
2011.10.27,19:34,1.42003,1.42004,1.41987,1.41998
2011.10.27,19:35,1.41999,1.42016,1.41995,1.42012
2011.10.27,19:36,1.42011,1.42039,1.42006,1.42018
2011.10.27,19:37,1.4202,1.4204,1.4201,1.4204
2011.10.27,19:38,1.42041,1.42069,1.42037,1.4206
2011.10.27,19:39,1.42059,1.42082,1.42059,1.4208
2011.10.27,19:40,1.42082,1.42157,1.42081,1.42157
2011.10.27,19:41,1.42156,1.42171,1.42099,1.42099
2011.10.27,19:42,1.42102,1.4211,1.42047,1.42047
2011.10.27,19:43,1.42046,1.42138,1.42045,1.42137
2011.10.27,19:44,1.42138,1.42148,1.42124,1.42148
2011.10.27,19:45,1.42149,1.42207,1.42142,1.42142
2011.10.27,19:46,1.42144,1.4217,1.42137,1.42157
2011.10.27,19:47,1.42156,1.42177,1.42147,1.4217
2011.10.27,19:48,1.42173,1.42181,1.42136,1.42179
2011.10.27,19:49,1.42181,1.42182,1.42157,1.4216
2011.10.27,19:50,1.42156,1.42177,1.42141,1.42142
2011.10.27,19:51,1.4214,1.42153,1.42129,1.42145
2011.10.27,19:52,1.42149,1.42188,1.42149,1.42187
2011.10.27,19:53,1.42188,1.4219,1.42168,1.42168
2011.10.27,19:54,1.42168,1.42217,1.42168,1.42203
2011.10.27,19:55,1.42202,1.42279,1.422,1.42264
2011.10.27,19:56,1.42265,1.42308,1.42257,1.42305
2011.10.27,19:57,1.42308,1.42331,1.42303,1.42323
2011.10.27,19:58,1.42323,1.42336,1.42314,1.42318
2011.10.27,19:59,1.4232,1.42328,1.42312,1.42317
2011.10.27,20:00,1.42316,1.42317,1.42287,1.42292
2011.10.27,20:01,1.42293,1.42325,1.42287,1.42313
2011.10.27,20:02,1.42312,1.42319,1.42297,1.42305
2011.10.27,20:03,1.42306,1.42369,1.42304,1.42368
2011.10.27,20:04,1.42367,1.42378,1.42357,1.4236
2011.10.27,20:05,1.4236,1.42418,1.42348,1.42418
2011.10.27,20:06,1.42425,1.4246,1.42408,1.42448
2011.10.27,20:07,1.42447,1.42447,1.4243,1.42443
2011.10.27,20:08,1.42441,1.42446,1.42385,1.42385
2011.10.27,20:09,1.42387,1.42388,1.4235,1.4235
2011.10.27,20:10,1.42348,1.42348,1.42331,1.42334
2011.10.27,20:11,1.42335,1.42336,1.42317,1.42317
2011.10.27,20:12,1.42314,1.42317,1.42271,1.42282
2011.10.27,20:13,1.4228,1.4229,1.42271,1.42272
2011.10.27,20:14,1.4227,1.423,1.4226,1.42284
2011.10.27,20:15,1.42283,1.42307,1.42283,1.423
2011.10.27,20:16,1.423,1.42301,1.42277,1.42301
2011.10.27,20:17,1.42302,1.42302,1.42236,1.42236
2011.10.27,20:18,1.42237,1.42237,1.42215,1.42233
2011.10.27,20:19,1.42232,1.42263,1.42228,1.42247
2011.10.27,20:20,1.42245,1.42249,1.42228,1.42245
2011.10.27,20:21,1.42247,1.42247,1.42227,1.42227
2011.10.27,20:22,1.42225,1.42249,1.4222,1.42222
2011.10.27,20:23,1.42223,1.42229,1.42181,1.42189
2011.10.27,20:24,1.42189,1.4219,1.42143,1.42143
2011.10.27,20:25,1.42144,1.42168,1.42111,1.42129
2011.10.27,20:26,1.42128,1.42172,1.42124,1.42171
2011.10.27,20:27,1.42172,1.42188,1.42139,1.42146
2011.10.27,20:28,1.42145,1.42152,1.42128,1.42151
2011.10.27,20:29,1.42151,1.42176,1.42137,1.42176
2011.10.27,20:30,1.42177,1.42192,1.42152,1.42152
2011.10.27,20:31,1.42153,1.42154,1.42114,1.42125
2011.10.27,20:32,1.42125,1.42125,1.42062,1.42065
2011.10.27,20:33,1.42065,1.4208,1.42053,1.42064
2011.10.27,20:34,1.42063,1.42077,1.4206,1.42077
2011.10.27,20:35,1.42079,1.42094,1.42069,1.42094
2011.10.27,20:36,1.42093,1.42099,1.42053,1.42054
2011.10.27,20:37,1.42056,1.42086,1.42055,1.42084
2011.10.27,20:38,1.42084,1.42086,1.42072,1.42084
2011.10.27,20:39,1.42083,1.42113,1.42072,1.42113
2011.10.27,20:40,1.42113,1.42123,1.42111,1.42116
2011.10.27,20:41,1.4212,1.42132,1.42085,1.42087
2011.10.27,20:42,1.42087,1.42104,1.42076,1.42087
2011.10.27,20:43,1.42088,1.42092,1.42085,1.42092
2011.10.27,20:44,1.42094,1.42105,1.42081,1.42085
2011.10.27,20:45,1.42086,1.4212,1.42085,1.42095
2011.10.27,20:46,1.42095,1.42167,1.42093,1.4216
2011.10.27,20:47,1.42159,1.42159,1.42109,1.42109
2011.10.27,20:48,1.4211,1.42115,1.42094,1.42096
2011.10.27,20:49,1.42095,1.42116,1.42095,1.42106
2011.10.27,20:50,1.42105,1.42111,1.42087,1.42091
2011.10.27,20:51,1.42092,1.42102,1.42084,1.42102
2011.10.27,20:52,1.42101,1.42105,1.42093,1.42096
2011.10.27,20:53,1.42095,1.42095,1.42064,1.42065
2011.10.27,20:54,1.42066,1.42067,1.42044,1.42047
2011.10.27,20:55,1.42048,1.42081,1.42048,1.42081
2011.10.27,20:56,1.42084,1.42089,1.42074,1.42089
2011.10.27,20:57,1.42089,1.42098,1.42078,1.42083
2011.10.27,20:58,1.42084,1.42108,1.42083,1.42107
2011.10.27,20:59,1.42105,1.4213,1.42052,1.42079
2011.10.27,21:00,1.4208,1.42173,1.4208,1.42173
2011.10.27,21:01,1.42172,1.42191,1.42157,1.42159
2011.10.27,21:02,1.42158,1.4216,1.42132,1.42133
2011.10.27,21:03,1.42132,1.42132,1.42094,1.421
2011.10.27,21:04,1.42101,1.42106,1.42043,1.42057
2011.10.27,21:05,1.42059,1.42068,1.42054,1.42062
2011.10.27,21:06,1.42061,1.42062,1.42044,1.4205
2011.10.27,21:07,1.42049,1.42055,1.42043,1.42045
2011.10.27,21:08,1.42046,1.42064,1.42046,1.42063
2011.10.27,21:09,1.42062,1.42081,1.42061,1.42065
2011.10.27,21:10,1.42062,1.42093,1.42053,1.42093
2011.10.27,21:11,1.42093,1.42135,1.42093,1.42132
2011.10.27,21:12,1.42131,1.42131,1.42092,1.421
2011.10.27,21:13,1.42098,1.42098,1.42074,1.42079
2011.10.27,21:14,1.42081,1.42085,1.42055,1.42056
2011.10.27,21:15,1.42054,1.42066,1.42054,1.4206
2011.10.27,21:16,1.42059,1.42064,1.42049,1.42062
2011.10.27,21:17,1.42063,1.42065,1.42056,1.42056
2011.10.27,21:18,1.42055,1.4209,1.42055,1.42083
2011.10.27,21:19,1.42084,1.4211,1.42082,1.42086
2011.10.27,21:20,1.42083,1.42085,1.42064,1.42075
2011.10.27,21:21,1.42073,1.42104,1.42069,1.42094
2011.10.27,21:22,1.42093,1.42097,1.42085,1.42093
2011.10.27,21:23,1.42091,1.42094,1.42082,1.42086
2011.10.27,21:24,1.42085,1.42107,1.42075,1.42107
2011.10.27,21:25,1.42114,1.42164,1.42112,1.42145
2011.10.27,21:26,1.42144,1.42146,1.42043,1.42052
2011.10.27,21:27,1.42053,1.42067,1.42034,1.4204
2011.10.27,21:28,1.4204,1.4204,1.4199,1.41997
2011.10.27,21:29,1.41996,1.41996,1.41941,1.41956
2011.10.27,21:30,1.41957,1.42008,1.41953,1.42008
2011.10.27,21:31,1.42008,1.42008,1.41966,1.41997
2011.10.27,21:32,1.41997,1.42005,1.41966,1.41993
2011.10.27,21:33,1.41997,1.42004,1.4199,1.42001
2011.10.27,21:34,1.42001,1.42004,1.41977,1.41991
2011.10.27,21:35,1.41989,1.4199,1.4197,1.41986
2011.10.27,21:36,1.41987,1.41991,1.41968,1.41986
2011.10.27,21:37,1.41987,1.41988,1.41932,1.41932
2011.10.27,21:38,1.41931,1.41944,1.41922,1.41929
2011.10.27,21:39,1.41931,1.41961,1.41931,1.4196
2011.10.27,21:40,1.41961,1.41973,1.4195,1.41951
2011.10.27,21:41,1.41952,1.41955,1.41938,1.41953
2011.10.27,21:42,1.41953,1.41953,1.41904,1.41908
2011.10.27,21:43,1.41907,1.41907,1.41891,1.41899
2011.10.27,21:44,1.419,1.41904,1.41876,1.41887
2011.10.27,21:45,1.41886,1.41886,1.41835,1.41869
2011.10.27,21:46,1.41868,1.41874,1.41844,1.41847
2011.10.27,21:47,1.41845,1.41847,1.4182,1.41822
2011.10.27,21:48,1.41823,1.41827,1.41792,1.418
2011.10.27,21:49,1.41801,1.41804,1.4177,1.41801
2011.10.27,21:50,1.41807,1.41828,1.41782,1.41789
2011.10.27,21:51,1.41788,1.41808,1.41768,1.41804
2011.10.27,21:52,1.41803,1.41803,1.41745,1.41787
2011.10.27,21:53,1.41789,1.41831,1.41786,1.41819
2011.10.27,21:54,1.4182,1.4182,1.41805,1.41817
2011.10.27,21:55,1.41818,1.41823,1.41804,1.4182
2011.10.27,21:56,1.41819,1.41845,1.41811,1.41812
2011.10.27,21:57,1.41813,1.41815,1.41798,1.41812
2011.10.27,21:58,1.41813,1.41868,1.41813,1.41868
2011.10.27,21:59,1.41865,1.4187,1.41838,1.4184
2011.10.27,22:00,1.41841,1.41892,1.4184,1.41892
2011.10.27,22:01,1.41891,1.41914,1.41883,1.41883
2011.10.27,22:02,1.41882,1.41887,1.41877,1.41877
2011.10.27,22:03,1.41875,1.41875,1.4186,1.41864
2011.10.27,22:04,1.41862,1.41863,1.4184,1.41859
2011.10.27,22:05,1.4186,1.41889,1.41859,1.41888
2011.10.27,22:06,1.41889,1.41889,1.41877,1.41879
2011.10.27,22:07,1.41881,1.41882,1.41878,1.4188
2011.10.27,22:08,1.4188,1.41881,1.41866,1.41867
2011.10.27,22:09,1.41869,1.41885,1.41869,1.41882
2011.10.27,22:10,1.41881,1.41885,1.41881,1.41884
2011.10.27,22:11,1.41885,1.41886,1.41857,1.4187
2011.10.27,22:12,1.41871,1.41885,1.41869,1.41885
2011.10.27,22:13,1.41883,1.41896,1.41883,1.41893
2011.10.27,22:14,1.41894,1.41895,1.41891,1.41891
2011.10.27,22:15,1.4189,1.41893,1.41879,1.41879
2011.10.27,22:16,1.41877,1.4188,1.41874,1.4188
2011.10.27,22:17,1.41881,1.41889,1.41879,1.4188
2011.10.27,22:18,1.41882,1.41888,1.4188,1.41887
2011.10.27,22:19,1.41885,1.41889,1.41885,1.41886
2011.10.27,22:20,1.41888,1.4189,1.41886,1.41887
2011.10.27,22:21,1.41887,1.41898,1.41886,1.41895
2011.10.27,22:22,1.41896,1.41899,1.41892,1.41895
2011.10.27,22:23,1.41894,1.41894,1.41889,1.41889
2011.10.27,22:24,1.41891,1.41892,1.41886,1.41887
2011.10.27,22:25,1.41887,1.41889,1.41878,1.4188
2011.10.27,22:26,1.41878,1.41883,1.41878,1.4188
2011.10.27,22:27,1.41879,1.41887,1.41877,1.41887
2011.10.27,22:28,1.41887,1.41888,1.41876,1.41876
2011.10.27,22:29,1.41874,1.41879,1.41871,1.41871
2011.10.27,22:30,1.4187,1.41871,1.41857,1.41858
2011.10.27,22:31,1.41857,1.41868,1.41857,1.41865
2011.10.27,22:32,1.41864,1.41871,1.41864,1.41868
2011.10.27,22:33,1.41869,1.41869,1.41854,1.4186
2011.10.27,22:34,1.4186,1.41868,1.4186,1.41866
2011.10.27,22:35,1.41867,1.41867,1.41858,1.41858
2011.10.27,22:36,1.41859,1.41871,1.41859,1.41871
2011.10.27,22:37,1.41869,1.41869,1.4186,1.41862
2011.10.27,22:38,1.41863,1.41869,1.41863,1.41869
2011.10.27,22:39,1.41868,1.41868,1.41852,1.41853
2011.10.27,22:40,1.41851,1.4186,1.41847,1.41847
2011.10.27,22:41,1.41846,1.41847,1.41839,1.41841
2011.10.27,22:42,1.41843,1.41843,1.4183,1.41834
2011.10.27,22:43,1.41833,1.41838,1.41824,1.41825
2011.10.27,22:44,1.41825,1.41825,1.41817,1.41823
2011.10.27,22:45,1.41824,1.4184,1.41824,1.41829
2011.10.27,22:46,1.41828,1.41867,1.41826,1.41857
2011.10.27,22:47,1.41856,1.41859,1.41851,1.41851
2011.10.27,22:48,1.41852,1.41853,1.41843,1.41844
2011.10.27,22:49,1.41845,1.41861,1.41845,1.41861
2011.10.27,22:50,1.4186,1.4186,1.41848,1.41849
2011.10.27,22:51,1.4185,1.41853,1.41848,1.41852
2011.10.27,22:52,1.41851,1.41865,1.41851,1.41865
2011.10.27,22:53,1.41864,1.41866,1.41845,1.41846
2011.10.27,22:54,1.41849,1.41871,1.41849,1.41864
2011.10.27,22:55,1.41864,1.41875,1.4186,1.4186
2011.10.27,22:56,1.41861,1.41867,1.41861,1.41867
2011.10.27,22:57,1.41868,1.41872,1.41863,1.41869
2011.10.27,22:58,1.4187,1.41872,1.41866,1.41871
2011.10.27,22:59,1.41872,1.41878,1.41869,1.41876
2011.10.27,23:00,1.41875,1.41881,1.41871,1.4188
2011.10.27,23:01,1.4188,1.41923,1.41869,1.41921
2011.10.27,23:02,1.41919,1.41919,1.41883,1.41884
2011.10.27,23:03,1.41882,1.41915,1.41882,1.41888
2011.10.27,23:04,1.41894,1.41915,1.41893,1.41909
2011.10.27,23:05,1.41913,1.41926,1.41898,1.41904
2011.10.27,23:06,1.41903,1.41922,1.419,1.41908
2011.10.27,23:07,1.41906,1.41922,1.41902,1.4191
2011.10.27,23:08,1.41909,1.41916,1.41888,1.41898
2011.10.27,23:09,1.41896,1.4192,1.41894,1.41916
2011.10.27,23:10,1.41913,1.41918,1.41909,1.41912
2011.10.27,23:11,1.41913,1.41922,1.41897,1.41913
2011.10.27,23:12,1.41913,1.41931,1.41913,1.41931
2011.10.27,23:13,1.41931,1.41947,1.41924,1.41945
2011.10.27,23:14,1.41948,1.41949,1.41894,1.41916
2011.10.27,23:15,1.41918,1.41933,1.419,1.41918
2011.10.27,23:16,1.41919,1.41922,1.41907,1.41922
2011.10.27,23:17,1.41921,1.41934,1.4191,1.4191
2011.10.27,23:18,1.4191,1.41921,1.41902,1.41902
2011.10.27,23:19,1.41902,1.41905,1.41894,1.419
2011.10.27,23:20,1.41898,1.419,1.41896,1.41898
2011.10.27,23:21,1.41896,1.41897,1.41892,1.41893
2011.10.27,23:22,1.41895,1.41897,1.41887,1.41893
2011.10.27,23:23,1.41895,1.41906,1.41892,1.419
2011.10.27,23:24,1.41898,1.41918,1.41883,1.41884
2011.10.27,23:25,1.41885,1.41893,1.41884,1.41888
2011.10.27,23:26,1.41887,1.41893,1.41882,1.41884
2011.10.27,23:27,1.41885,1.41887,1.41868,1.41885
2011.10.27,23:28,1.41884,1.41884,1.4188,1.41881
2011.10.27,23:29,1.41883,1.41883,1.4187,1.41872
2011.10.27,23:30,1.41871,1.41875,1.41865,1.41865
2011.10.27,23:31,1.41867,1.41869,1.41861,1.41861
2011.10.27,23:32,1.4186,1.4186,1.41788,1.4181
2011.10.27,23:33,1.4181,1.41833,1.41809,1.41833
2011.10.27,23:34,1.41835,1.41839,1.4183,1.4183
2011.10.27,23:35,1.41831,1.41864,1.41831,1.41839
2011.10.27,23:36,1.4184,1.41842,1.4181,1.41814
2011.10.27,23:37,1.41814,1.41825,1.41812,1.41825
2011.10.27,23:38,1.41828,1.41832,1.41791,1.41795
2011.10.27,23:39,1.41794,1.41794,1.41781,1.41792
2011.10.27,23:40,1.41793,1.41793,1.41782,1.41783
2011.10.27,23:41,1.41785,1.41785,1.41771,1.41771
2011.10.27,23:42,1.41771,1.41775,1.41771,1.41775
2011.10.27,23:43,1.41774,1.41794,1.41744,1.41791
2011.10.27,23:44,1.41792,1.41831,1.41789,1.41831
2011.10.27,23:45,1.41831,1.41832,1.41821,1.41827
2011.10.27,23:46,1.41827,1.41827,1.41774,1.41782
2011.10.27,23:47,1.41786,1.41802,1.41786,1.418
2011.10.27,23:48,1.41799,1.418,1.41789,1.41795
2011.10.27,23:49,1.41792,1.41796,1.41785,1.41794
2011.10.27,23:50,1.41793,1.41826,1.41791,1.41807
2011.10.27,23:51,1.41806,1.41822,1.41799,1.41806
2011.10.27,23:52,1.41806,1.41815,1.41785,1.41801
2011.10.27,23:53,1.41799,1.41835,1.4179,1.41822
2011.10.27,23:54,1.41818,1.41835,1.41817,1.41827
2011.10.27,23:55,1.41825,1.41838,1.41812,1.41826
2011.10.27,23:56,1.41825,1.41835,1.41818,1.41825
2011.10.27,23:57,1.41827,1.41827,1.41819,1.41826
2011.10.27,23:58,1.41829,1.41838,1.41829,1.41834
